CustomerID,Recency,Frequency,Monetary
12346.0,282,1,77183.6
12347.0,86,5,2790.86
12348.0,31,4,1797.24
12350.0,266,1,334.40000000000003
12352.0,28,7,2194.31
12353.0,160,1,89.0
12354.0,188,1,1079.4
12355.0,170,1,459.40000000000003
12356.0,202,2,2753.08
12358.0,107,1,484.86
12359.0,13,4,6310.03
12360.0,8,3,2662.06
12361.0,243,1,189.9
12362.0,15,6,2933.14
12363.0,66,2,552.0
12364.0,34,2,703.72
12365.0,247,2,641.38
12370.0,7,4,3541.94
12371.0,1,2,1887.96
12372.0,28,3,1298.04
12373.0,267,1,364.6
12375.0,54,1,230.3
12377.0,271,2,1628.1200000000001
12378.0,86,1,4008.62
12379.0,38,2,852.24
12380.0,13,3,1684.42
12381.0,15,3,1279.24
12383.0,141,5,1850.56
12384.0,78,1,292.69
12386.0,294,2,401.9
12388.0,32,5,2494.26
12390.0,36,1,549.84
12393.0,28,4,1582.6000000000001
12394.0,20,2,1272.48
12395.0,22,9,2246.25
12397.0,91,1,1214.81
12398.0,2,1,1635.6599999999999
12399.0,75,4,1108.65
12401.0,259,1,84.3
12402.0,279,1,225.60000000000002
12403.0,6,1,427.7
12405.0,105,1,1710.39
12406.0,140,1,1621.25
12407.0,6,5,1708.12
12408.0,55,4,2134.05
12409.0,35,3,11072.67
12410.0,265,2,693.33
12412.0,31,3,1226.88
12413.0,23,3,758.1
12414.0,173,3,562.4100000000001
12415.0,21,17,118559.65
12417.0,63,7,2816.52
12418.0,69,1,668.58
12420.0,20,1,600.39
12421.0,71,3,628.5600000000001
12422.0,52,3,803.5600000000001
12423.0,57,7,1650.67
12424.0,119,2,1760.96
12425.0,34,1,777.2
12426.0,151,1,582.73
12427.0,16,2,586.08
12428.0,76,8,7548.12
12429.0,129,3,2844.88
12431.0,16,14,5818.51
12432.0,126,3,4016.66
12433.0,47,3,6395.2300000000005
12434.0,41,2,806.14
12435.0,36,2,7829.89
12436.0,56,1,509.01
12437.0,34,12,3034.0099999999998
12438.0,96,1,890.0699999999999
12441.0,323,1,173.55
12444.0,15,4,4068.82
12446.0,13,1,1002.3100000000001
12447.0,199,1,476.49
12449.0,48,3,2724.58
12450.0,112,2,197.88
12451.0,21,3,7847.38
12453.0,90,1,707.09
12454.0,12,1,3528.34
12455.0,29,6,2466.86
12456.0,87,2,2265.4
12457.0,22,7,2363.23
12458.0,27,2,947.4
12461.0,50,2,826.88
12462.0,259,1,762.11
12463.0,9,4,1344.78
12464.0,62,6,780.55
12465.0,125,1,440.94
12468.0,144,2,729.54
12471.0,22,23,14130.14
12472.0,8,6,6304.03
12473.0,10,3,2873.73
12474.0,6,16,6197.06
12475.0,10,1,723.38
12476.0,2,9,4822.43
12477.0,12,5,11182.05
12480.0,99,3,2144.95
12481.0,22,9,5393.02
12483.0,55,6,1624.06
12484.0,57,4,3658.65
12488.0,32,1,553.39
12489.0,292,1,334.93
12490.0,49,6,3552.59
12492.0,19,2,263.21000000000004
12493.0,122,2,433.74
12494.0,118,5,868.86
12497.0,38,1,1043.1
12498.0,14,1,247.25000000000003
12500.0,6,10,3640.7799999999997
12501.0,293,1,2169.39
12502.0,52,5,3723.87
12506.0,189,1,73.5
12507.0,90,3,1304.81
12509.0,240,1,176.5
12510.0,99,2,982.5699999999999
12512.0,22,2,132.18
12513.0,69,1,612.29
12514.0,223,1,1017.6800000000001
12515.0,309,1,383.7
12516.0,34,2,1312.06
12517.0,30,3,1938.65
12518.0,15,3,1230.79
12519.0,20,1,330.84000000000003
12520.0,35,5,2634.26
12521.0,99,1,599.68
12522.0,7,1,89.4
12523.0,20,9,1299.13
12524.0,20,7,4177.92
12526.0,10,2,1039.58
12527.0,38,3,348.71000000000004
12528.0,20,5,1561.8799999999999
12530.0,16,4,1662.28
12534.0,87,1,1089.18
12535.0,48,2,716.35
12536.0,15,1,4279.71
12539.0,218,3,4517.69
12540.0,8,15,11938.26
12541.0,129,2,536.14
12545.0,31,2,1000.39
12546.0,3,2,1161.5
12547.0,154,2,207.8
12548.0,122,1,95.19999999999999
12550.0,35,1,964.83
12551.0,314,1,168.0
12553.0,14,8,2897.14
12556.0,6,2,599.56
12557.0,114,4,9000.960000000001
12559.0,267,2,561.71
12560.0,68,2,1436.31
12561.0,259,1,238.85
12562.0,12,5,2507.4700000000003
12564.0,217,1,456.90000000000003
12565.0,245,1,145.92000000000002
12566.0,42,1,351.65
12567.0,52,9,7849.9800000000005
12569.0,6,19,2754.66
12571.0,78,1,248.35
12572.0,8,1,532.74
12573.0,183,1,160.54000000000002
12574.0,272,1,218.45000000000002
12576.0,52,4,936.5500000000001
12577.0,315,1,195.89
12578.0,286,1,1608.66
12579.0,34,1,440.42
12580.0,203,1,415.7
12582.0,195,2,511.36
12583.0,14,12,5414.44
12584.0,14,6,1380.45
12585.0,190,2,2040.1
12589.0,101,1,131.5
12590.0,167,2,9864.26
12591.0,273,1,452.84999999999997
12592.0,48,2,437.6
12593.0,64,3,418.1
12594.0,2,9,3252.3
12596.0,7,2,618.27
12597.0,139,2,1428.81
12598.0,27,5,1946.14
12599.0,83,6,857.04
12600.0,40,9,2219.46
12601.0,146,5,577.0600000000001
12602.0,15,1,153.12
12604.0,35,2,254.18
12607.0,16,1,1579.51
12609.0,34,3,1126.85
12610.0,1,3,1691.34
12611.0,8,1,1193.32
12612.0,30,1,704.04
12613.0,13,5,3344.38
12614.0,234,1,315.6
12615.0,28,2,1211.39
12616.0,51,2,713.3
12619.0,34,7,2760.38
12620.0,37,2,939.32
12621.0,8,18,11891.19
12622.0,188,1,180.1
12623.0,232,1,305.1
12624.0,62,2,641.13
12625.0,168,2,2683.82
12626.0,20,7,6151.55
12627.0,20,6,3911.55
12628.0,21,1,333.64
12631.0,13,1,640.5
12633.0,15,4,2163.98
12635.0,46,2,1689.18
12637.0,23,8,6002.9
12639.0,194,1,486.1
12640.0,38,1,764.59
12641.0,71,1,185.9
12642.0,7,2,658.41
12643.0,84,6,3344.64
12644.0,86,1,477.90999999999997
12645.0,65,3,1310.8600000000001
12646.0,5,1,731.69
12647.0,34,11,3401.67
12648.0,111,1,318.05
12649.0,63,3,623.51
12651.0,290,1,114.0
12652.0,287,1,919.98
12653.0,105,2,2209.85
12654.0,154,3,337.75
12656.0,29,4,3465.42
12657.0,35,1,618.44
12662.0,9,8,3175.28
12664.0,15,6,2921.88
12665.0,281,1,63.0
12667.0,14,1,620.13
12668.0,215,3,2924.4700000000003
12669.0,107,3,2744.0299999999997
12670.0,55,3,1634.47
12672.0,286,1,225.9
12673.0,283,1,220.9
12674.0,48,3,1402.0
12676.0,27,5,1149.73
12678.0,35,10,8680.5
12679.0,15,4,1113.02
12680.0,29,3,613.36
12681.0,34,16,10657.12
12682.0,16,24,9225.79
12683.0,6,13,7679.09
12684.0,20,5,1627.24
12685.0,7,5,2449.96
12686.0,328,1,89.14
12688.0,70,1,4873.81
12689.0,84,1,511.03000000000003
12690.0,162,1,389.01
12691.0,14,5,859.4
12693.0,83,4,855.91
12694.0,26,2,869.67
12695.0,22,3,497.0
12697.0,87,2,733.91
12700.0,22,3,3625.24
12701.0,36,2,797.71
12703.0,27,1,283.55
12704.0,34,4,1346.47
12705.0,33,5,5005.14
12707.0,248,1,603.42
12708.0,28,8,2399.14
12709.0,15,13,8558.74
12710.0,53,3,1149.02
12712.0,5,12,4163.4800000000005
12714.0,63,4,3389.7
12715.0,62,1,343.36
12716.0,89,1,677.9
12717.0,107,2,1030.98
12718.0,27,1,238.25
12719.0,21,1,283.6
12720.0,9,20,4477.2
12721.0,36,5,2041.81
12722.0,41,4,997.63
12723.0,21,2,299.40999999999997
12724.0,38,3,823.17
12725.0,327,1,427.8
12726.0,42,6,1824.6399999999999
12727.0,51,6,3337.7
12728.0,27,4,836.33
12729.0,70,1,453.01
12731.0,7,11,17398.39
12732.0,136,1,236.26000000000002
12733.0,190,1,383.95
12734.0,308,1,110.39999999999999
12735.0,271,2,779.5699999999999
12736.0,289,1,234.0
12738.0,328,1,155.35
12739.0,34,2,1013.04
12740.0,20,1,427.6
12743.0,90,2,540.13
12744.0,8,7,21279.29
12747.0,23,9,3444.78
12748.0,1,153,20514.75
12749.0,86,3,2755.23
12750.0,85,1,275.88
12752.0,37,1,4366.78
12753.0,92,5,16620.91
12754.0,192,3,3010.74
12755.0,236,2,3811.9500000000003
12756.0,43,1,112.08
12757.0,7,10,7139.150000000001
12758.0,73,2,2791.59
12759.0,8,3,1531.44
12763.0,94,2,494.08
12764.0,273,1,1693.88
12766.0,14,6,6271.2
12769.0,195,1,1143.6
12770.0,167,1,1351.45
12772.0,16,1,892.47
12775.0,146,4,1164.68
12778.0,19,5,663.99
12779.0,146,7,2999.41
12781.0,20,2,826.74
12782.0,106,4,2078.67
12783.0,10,4,1603.07
12785.0,320,1,311.95
12787.0,48,2,344.66
12789.0,21,1,91.85
12790.0,148,1,324.92
12791.0,330,1,192.60000000000002
12792.0,213,1,400.54
12793.0,291,2,545.48
12794.0,9,2,860.41
12797.0,322,1,254.03
12798.0,127,1,1607.04
12802.0,143,1,427.58
12808.0,141,2,281.35
12809.0,134,1,489.31
12811.0,217,3,514.85
12812.0,1,1,229.64000000000001
12814.0,58,1,125.92
12815.0,104,2,1063.46
12816.0,51,2,572.2
12817.0,237,1,166.04000000000002
12818.0,218,1,1542.08
12820.0,31,2,388.23
12821.0,170,1,92.72
12822.0,27,2,948.88
12823.0,31,5,1759.5
12824.0,15,1,397.12
12826.0,28,5,1052.6200000000001
12828.0,22,4,661.3100000000001
12829.0,293,2,293.0
12830.0,47,5,6414.32
12831.0,218,1,215.05
12832.0,54,1,267.8
12833.0,101,1,417.38
12834.0,239,1,312.38
12836.0,15,4,2610.36
12837.0,129,1,134.1
12838.0,330,1,390.79
12839.0,28,10,3376.05
12840.0,100,4,2726.77
12841.0,7,20,3428.51
12842.0,26,2,1118.99
12843.0,22,8,1702.26
12844.0,86,1,174.88
12845.0,223,4,354.09000000000003
12849.0,225,1,668.85
12851.0,52,1,131.81
12852.0,251,1,311.55
12853.0,91,6,1957.1000000000001
12854.0,35,3,1316.25
12855.0,329,1,38.1
12856.0,12,2,990.98
12857.0,167,2,1106.4
12863.0,8,1,521.2
12864.0,94,1,147.12
12865.0,80,1,981.38
12866.0,239,1,559.12
12867.0,52,6,3015.96
12868.0,142,6,1607.0600000000002
12871.0,40,2,380.64
12872.0,283,2,599.97
12873.0,238,1,374.0
12875.0,99,2,343.2300000000001
12876.0,14,2,2218.02
12877.0,34,10,1160.3700000000001
12878.0,192,2,854.99
12879.0,1,3,573.22
12881.0,232,1,298.0
12883.0,45,1,291.63
12884.0,44,1,309.05
12885.0,19,3,1175.22
12886.0,24,2,1378.4
12888.0,170,2,354.12
12891.0,142,3,331.0
12895.0,43,1,267.8
12897.0,161,2,216.5
12901.0,11,22,13771.27
12902.0,221,1,138.68
12904.0,128,1,244.69
12906.0,34,2,1936.5900000000001
12908.0,132,2,750.0
12909.0,44,4,1857.35
12910.0,20,6,2616.58
12913.0,239,3,866.39
12915.0,105,2,363.65
12916.0,95,4,2944.95
12917.0,84,1,594.0
12919.0,73,3,441.65
12921.0,3,30,12724.050000000001
12922.0,117,1,405.38
12923.0,20,1,172.82
12924.0,44,4,933.7
12925.0,31,1,368.31
12928.0,2,4,1470.14
12929.0,268,1,117.85
12930.0,34,2,415.8
12931.0,23,12,34440.06
12933.0,127,2,357.49
12935.0,66,4,1535.34
12936.0,34,1,798.46
12937.0,27,3,826.44
12939.0,20,8,11581.8
12940.0,11,2,899.69
12942.0,87,3,675.6
12944.0,311,1,286.95
12945.0,244,1,462.95
12947.0,100,6,1603.99
12948.0,15,5,1727.33
12949.0,70,7,3449.42
12951.0,130,5,751.78
12952.0,34,1,731.54
12955.0,8,7,2113.12
12956.0,262,1,108.07
12957.0,28,6,2640.7200000000003
12962.0,69,1,170.54
12963.0,9,3,724.9300000000001
12965.0,45,1,769.8100000000001
12967.0,314,2,1660.9
12968.0,68,1,135.95
12970.0,278,2,23.8
12971.0,8,70,9035.66
12974.0,154,1,144.8
12976.0,168,1,738.6
12977.0,112,1,39.239999999999995
12980.0,114,9,7374.900000000001
12981.0,89,1,187.18
12982.0,199,1,390.54
12987.0,30,2,558.7
12988.0,248,1,505.82
12989.0,10,12,6440.02
12990.0,141,2,263.9
12991.0,68,1,303.56
12993.0,77,3,372.4
12994.0,76,2,645.47
12995.0,41,1,211.32
12997.0,45,3,916.39
12999.0,152,3,455.88
13000.0,63,3,534.85
13001.0,114,11,8582.57
13002.0,274,1,120.95
13003.0,62,3,149.05
13004.0,19,15,4609.0
13005.0,130,2,513.7
13006.0,12,1,81.57
13008.0,279,1,229.47
13011.0,328,1,50.550000000000004
13012.0,34,5,1190.8400000000001
13013.0,21,10,3902.9
13014.0,31,6,2421.63
13015.0,9,5,3339.64
13016.0,29,3,789.89
13018.0,20,22,6090.34
13021.0,26,6,1619.28
13023.0,20,2,689.9
13026.0,49,3,604.2
13027.0,70,6,6912.0
13028.0,1,1,355.94
13029.0,95,2,773.1999999999999
13030.0,324,1,402.36
13032.0,8,2,1010.1800000000001
13033.0,313,1,190.55
13034.0,11,2,642.77
13035.0,30,2,921.88
13037.0,94,3,881.07
13038.0,36,3,908.46
13043.0,229,1,516.42
13044.0,247,1,560.47
13045.0,55,1,305.28000000000003
13046.0,222,1,197.72
13047.0,13,9,3232.59
13048.0,70,3,1358.55
13049.0,20,2,656.6800000000001
13050.0,2,15,5124.51
13052.0,168,1,348.15000000000003
13055.0,34,3,1214.41
13058.0,14,2,137.70000000000002
13059.0,206,1,183.4
13060.0,210,1,307.53000000000003
13061.0,28,1,248.61
13062.0,147,1,346.98
13064.0,44,3,842.33
13065.0,329,1,205.86
13067.0,38,1,115.46000000000001
13068.0,276,1,165.0
13069.0,9,22,3995.11
13070.0,148,1,228.8
13072.0,223,1,177.15
13075.0,86,1,919.61
13077.0,246,3,576.19
13078.0,7,21,9824.93
13079.0,31,3,172.4
13080.0,135,1,58.08
13081.0,100,8,18870.12
13082.0,82,9,3613.63
13083.0,32,1,192.39
13085.0,114,2,416.08
13089.0,7,84,48455.090000000004
13090.0,9,11,6145.99
13092.0,27,5,477.83
13093.0,232,8,7832.47
13094.0,36,11,1774.68
13095.0,27,1,74.39999999999999
13097.0,33,9,5472.08
13098.0,17,21,21810.42
13099.0,55,1,207.36
13101.0,190,1,101.19
13102.0,37,20,5292.84
13104.0,3,5,759.0
13106.0,89,1,76.5
13107.0,42,3,1407.42
13108.0,329,1,350.06
13109.0,16,2,786.54
13110.0,9,6,1246.94
13113.0,17,21,11262.720000000001
13115.0,13,3,1795.22
13116.0,94,1,501.14
13117.0,78,7,841.77
13118.0,164,3,799.7
13120.0,195,1,30.6
13121.0,225,1,283.73
13122.0,50,2,922.39
13124.0,45,3,3756.33
13126.0,1,7,1730.2
13127.0,34,1,259.17
13130.0,50,1,64.0
13131.0,27,2,772.2
13132.0,217,1,77.3
13133.0,230,2,109.8
13134.0,42,4,1793.58
13135.0,153,1,3096.0
13136.0,12,5,2607.61
13137.0,48,5,1888.32
13138.0,3,5,831.69
13139.0,28,4,3584.56
13140.0,64,3,422.47
13141.0,41,5,2388.75
13144.0,289,1,110.95
13145.0,48,3,499.72
13147.0,56,1,118.8
13148.0,90,10,2766.01
13149.0,62,3,1132.6200000000001
13151.0,252,1,1257.8700000000001
13155.0,36,3,882.5
13157.0,5,4,1741.22
13158.0,51,4,1201.06
13159.0,6,3,1146.79
13161.0,269,1,112.75
13162.0,78,4,1688.29
13165.0,2,2,1021.48
13166.0,239,1,417.2
13167.0,23,3,659.67
13168.0,155,3,953.0600000000001
13169.0,20,2,712.88
13171.0,5,2,272.89
13173.0,323,1,165.94
13174.0,272,2,2034.06
13176.0,2,1,481.49
13177.0,21,1,282.45
13178.0,29,9,5156.7300000000005
13182.0,1,1,121.18
13183.0,43,7,3085.5800000000004
13184.0,87,9,1472.1
13185.0,224,1,71.4
13186.0,50,2,1301.94
13187.0,293,1,236.02
13189.0,71,1,127.0
13192.0,51,2,911.94
13193.0,17,1,112.08
13194.0,92,1,60.7
13196.0,40,2,1586.95
13198.0,76,5,3009.18
13199.0,7,25,5346.62
13200.0,30,2,627.01
13203.0,77,2,309.86
13207.0,107,1,197.52000000000004
13208.0,15,6,1217.65
13209.0,85,5,4156.08
13210.0,50,1,353.48
13211.0,51,2,784.64
13212.0,17,2,291.47
13213.0,13,5,1520.58
13216.0,224,1,333.74
13217.0,78,3,533.98
13218.0,83,1,62.64
13220.0,34,4,819.2900000000001
13221.0,196,2,847.41
13223.0,156,2,163.2
13224.0,16,2,2155.95
13225.0,16,6,5100.64
13226.0,229,1,108.21000000000001
13227.0,158,1,257.7
13228.0,37,1,358.0
13229.0,182,1,160.95
13230.0,94,12,2195.23
13232.0,54,5,1019.05
13233.0,30,2,605.12
13235.0,168,1,1031.07
13236.0,63,1,439.23
13238.0,120,2,318.85
13239.0,218,1,329.56
13240.0,52,4,663.65
13242.0,68,3,270.40000000000003
13243.0,159,1,585.12
13244.0,49,1,121.74000000000001
13245.0,7,1,430.5
13246.0,132,5,1838.51
13247.0,7,2,390.87
13248.0,80,2,465.68
13249.0,48,3,711.41
13253.0,113,2,1030.4
13255.0,330,1,225.7
13258.0,161,1,198.87
13259.0,18,1,283.18
13260.0,17,1,557.62
13261.0,225,2,944.1
13262.0,219,1,200.29
13263.0,1,30,6431.7
13265.0,9,5,2092.66
13266.0,32,9,2841.35
13267.0,48,15,3119.34
13268.0,41,7,2436.38
13269.0,22,11,3914.9
13270.0,322,1,590.0
13272.0,46,1,140.96
13273.0,69,1,138.98
13276.0,19,2,590.9300000000001
13277.0,72,2,125.9
13279.0,34,1,137.75
13280.0,78,3,798.46
13282.0,118,2,773.1
13283.0,16,2,93.66
13284.0,287,1,201.19
13285.0,117,3,1970.1
13291.0,112,1,361.11
13292.0,240,1,249.57
13294.0,146,2,873.74
13295.0,316,1,201.20000000000002
13296.0,93,1,87.4
13297.0,23,1,1315.3799999999999
13299.0,224,1,142.5
13300.0,125,1,371.89
13301.0,60,4,618.09
13302.0,111,1,63.75
13304.0,307,1,300.42
13305.0,49,8,1471.25
13307.0,76,1,15.0
13308.0,8,2,1099.63
13309.0,1,4,1221.91
13310.0,162,2,817.65
13311.0,106,1,490.11
13313.0,97,3,918.34
13314.0,19,2,589.47
13316.0,36,3,4218.76
13317.0,22,6,2273.68
13319.0,23,21,8248.58
13320.0,34,4,1532.2
13321.0,28,2,567.36
13323.0,40,1,120.30000000000001
13324.0,46,9,6437.83
13325.0,38,1,675.3
13327.0,69,7,2738.75
13328.0,272,1,1308.48
13329.0,323,1,304.2
13330.0,49,3,1140.93
13334.0,38,3,3502.32
13336.0,33,1,795.12
13338.0,114,1,487.02
13339.0,157,1,860.12
13340.0,1,7,10736.48
13341.0,217,1,775.85
13343.0,134,1,353.43
13344.0,24,3,2511.69
13345.0,244,1,389.5
13347.0,26,1,341.36
13348.0,20,1,233.76000000000002
13350.0,35,1,646.57
13351.0,22,1,373.94
13352.0,16,1,397.98
13354.0,27,1,743.53
13355.0,78,1,674.7
13356.0,36,1,768.24
13357.0,213,1,609.4
13358.0,225,1,439.03000000000003
13359.0,20,1,439.56
13362.0,9,3,2337.64
13364.0,27,1,134.96
13365.0,174,1,700.6
13366.0,6,1,56.16
13368.0,213,2,623.4
13369.0,322,1,308.28000000000003
13370.0,328,1,754.87
13372.0,45,1,378.64
13373.0,17,3,3312.25
13375.0,45,1,778.65
13376.0,55,3,1019.76
13379.0,24,2,435.82
13381.0,45,5,2982.23
13382.0,237,1,222.99
13384.0,1,6,3429.73
13385.0,286,1,534.57
13388.0,87,2,677.1
13389.0,31,2,580.15
13390.0,31,1,544.08
13391.0,160,1,59.8
13394.0,10,7,2217.92
13395.0,141,1,307.72
13396.0,275,1,387.27000000000004
13397.0,29,5,1544.13
13398.0,148,1,457.34000000000003
13402.0,83,2,621.23
13404.0,169,1,217.81
13405.0,30,3,572.451
13408.0,22,48,21376.84
13410.0,31,4,728.66
13411.0,63,1,213.55
13414.0,90,3,1390.5
13416.0,37,1,275.0
13417.0,161,1,236.0
13418.0,17,17,5438.81
13419.0,19,1,221.06
13420.0,106,2,159.85
13421.0,246,1,825.04
13422.0,20,1,2626.3
13425.0,64,3,1624.21
13426.0,20,7,2708.11
13427.0,76,2,464.86
13429.0,6,3,693.0
13430.0,42,1,336.31
13431.0,23,2,1269.1
13434.0,30,2,534.24
13435.0,31,4,1973.02
13437.0,55,4,2173.6
13439.0,211,1,283.71
13441.0,48,1,296.64
13448.0,36,5,2484.37
13450.0,45,5,1727.28
13451.0,82,4,2385.5
13452.0,215,2,590.0
13453.0,122,2,356.98
13455.0,322,1,692.94
13456.0,19,4,1309.8200000000002
13458.0,22,11,8176.78
13460.0,6,1,107.46000000000001
13461.0,95,2,884.2
13462.0,209,1,151.5
13464.0,14,1,674.68
13466.0,140,1,307.90000000000003
13468.0,14,32,5077.77
13470.0,55,2,165.0
13471.0,3,1,941.67
13473.0,17,2,422.64
13474.0,192,1,226.84
13475.0,147,4,1431.78
13476.0,135,2,1238.47
13477.0,14,5,1363.62
13479.0,157,2,300.95
13481.0,2,5,1804.56
13482.0,188,1,184.64000000000001
13483.0,22,1,140.34
13484.0,197,1,313.8
13485.0,189,1,454.24
13486.0,34,3,1122.41
13487.0,14,3,575.4
13488.0,28,11,7367.1900000000005
13489.0,61,4,449.52
13491.0,8,10,1215.82
13492.0,92,3,1269.84
13493.0,231,2,618.63
13494.0,268,1,316.26000000000005
13495.0,188,3,1072.43
13496.0,316,1,501.01
13497.0,239,2,348.05
13499.0,30,3,613.85
13500.0,79,1,326.40000000000003
13501.0,244,1,1340.32
13502.0,231,2,189.16000000000003
13503.0,27,1,216.85
13504.0,20,1,295.93
13505.0,29,4,4393.63
13506.0,272,2,458.52
13507.0,54,3,2022.79
13508.0,200,1,110.97
13509.0,9,6,881.62
13510.0,1,3,1449.7
13512.0,217,1,251.21
13513.0,83,1,205.1
13514.0,30,1,152.20000000000002
13515.0,29,4,891.12
13516.0,29,2,620.41
13517.0,16,3,2128.42
13518.0,42,1,627.16
13519.0,34,1,122.75
13520.0,15,6,3624.35
13523.0,3,4,2986.04
13524.0,38,4,483.86
13525.0,204,1,282.88
13527.0,46,6,1847.79
13529.0,35,2,307.76
13531.0,161,2,483.8
13533.0,139,3,269.09
13534.0,10,23,5206.68
13536.0,9,2,824.91
13538.0,50,6,990.75
13539.0,42,3,631.34
13544.0,197,1,113.01
13546.0,9,2,412.38
13548.0,52,2,678.16
13549.0,20,6,832.2
13551.0,275,1,91.80000000000001
13552.0,22,12,3740.07
13555.0,30,4,4098.88
13557.0,237,1,240.68
13558.0,18,2,312.71
13561.0,172,1,141.85999999999999
13562.0,38,3,1799.3300000000002
13563.0,40,2,777.53
13564.0,100,3,1724.67
13565.0,290,1,110.17999999999999
13566.0,38,1,567.31
13568.0,129,1,187.05
13569.0,324,1,109.82000000000001
13570.0,199,1,239.49
13571.0,1,9,1422.36
13572.0,162,1,1384.25
13573.0,6,2,290.25
13575.0,15,4,624.62
13576.0,7,15,5627.27
13577.0,49,3,1193.8
13579.0,325,1,164.7
13581.0,265,1,118.0
13583.0,112,1,781.03
13584.0,262,1,142.4
13587.0,20,1,712.4
13588.0,6,6,2031.32
13589.0,135,1,147.0
13590.0,8,5,1668.78
13591.0,21,3,1117.13
13592.0,162,3,205.51
13593.0,64,5,2011.88
13594.0,9,1,396.97
13598.0,3,1,160.04
13599.0,41,10,2833.88
13600.0,268,1,219.52
13601.0,1,2,693.32
13602.0,21,1,428.89
13606.0,199,2,246.63
13610.0,10,6,969.04
13611.0,45,3,1154.4
13614.0,45,3,1081.03
13615.0,275,1,417.69
13617.0,69,2,365.7
13618.0,130,1,177.34
13621.0,73,1,213.85
13623.0,166,4,539.17
13626.0,209,1,257.23
13627.0,15,5,1638.47
13629.0,20,9,6255.36
13630.0,32,6,1799.78
13631.0,56,11,3070.42
13632.0,130,3,812.26
13634.0,42,4,1344.48
13635.0,24,1,1071.03
13636.0,78,4,646.55
13637.0,8,3,804.3
13639.0,30,1,1033.34
13642.0,172,1,312.28
13643.0,55,2,259.40000000000003
13644.0,1,3,1845.3400000000001
13645.0,76,1,252.1
13647.0,27,3,1275.9
13649.0,213,2,346.6
13650.0,23,5,1538.1000000000001
13652.0,2,3,1095.08
13654.0,101,4,1714.27
13655.0,70,2,932.97
13656.0,121,2,379.65
13657.0,158,1,152.34
13658.0,41,3,2096.77
13659.0,162,2,1563.0
13662.0,42,3,881.26
13663.0,135,1,189.47
13666.0,16,3,84.65
13667.0,105,1,299.05
13668.0,13,17,5089.91
13669.0,7,2,218.55
13670.0,31,1,349.7
13672.0,257,2,186.39000000000001
13675.0,107,2,486.82000000000005
13678.0,108,1,232.6
13680.0,294,2,2391.59
13681.0,25,2,531.08
13682.0,143,1,59.5
13684.0,242,1,65.13
13685.0,1,3,1934.45
13686.0,139,1,72.0
13689.0,19,1,910.0
13690.0,15,1,172.25
13692.0,170,2,871.58
13694.0,1,43,53159.69
13695.0,20,14,2207.35
13699.0,111,1,308.58000000000004
13700.0,8,9,1940.53
13703.0,274,1,99.5
13704.0,3,7,1906.02
13705.0,101,2,522.68
13706.0,259,1,330.79
13707.0,223,2,806.41
13708.0,227,1,285.33
13709.0,5,8,4695.07
13711.0,175,2,252.06
13712.0,203,1,228.84
13715.0,237,5,1077.39
13716.0,225,1,138.28
13717.0,12,5,1257.53
13718.0,202,2,306.55
13719.0,13,3,589.23
13720.0,72,4,799.9
13722.0,87,3,2375.41
13723.0,173,1,199.85000000000002
13725.0,6,8,1980.56
13726.0,57,1,292.68
13728.0,63,5,797.02
13730.0,92,2,752.6
13731.0,175,2,610.59
13735.0,132,2,1409.69
13736.0,216,1,357.53
13737.0,156,1,339.6
13740.0,197,1,350.75
13741.0,28,3,668.4300000000001
13742.0,46,11,2775.4700000000003
13743.0,45,6,1065.84
13744.0,51,2,1080.52
13745.0,118,1,300.04
13747.0,330,1,79.6
13748.0,52,5,948.25
13750.0,10,5,1647.26
13751.0,244,1,296.25
13752.0,80,6,1175.38
13753.0,243,1,741.26
13754.0,108,2,282.6
13755.0,6,3,885.46
13756.0,17,9,3265.32
13758.0,157,5,2351.52
13759.0,27,1,560.4100000000001
13760.0,10,2,286.79
13761.0,6,2,1070.65
13762.0,175,1,306.72
13763.0,19,1,1714.96
13764.0,27,3,1519.42
13767.0,17,34,13683.68
13769.0,48,8,2176.62
13771.0,20,4,2634.45
13772.0,53,2,682.97
13774.0,38,1,345.0
13777.0,14,28,16974.850000000002
13778.0,59,1,178.7
13780.0,127,1,116.28000000000002
13781.0,207,1,127.84
13782.0,4,5,738.8
13784.0,14,10,2424.63
13786.0,323,1,230.4
13787.0,32,2,309.04
13791.0,84,2,1516.0
13792.0,22,2,195.55
13798.0,10,48,32618.3
13799.0,73,2,688.86
13800.0,266,1,558.32
13801.0,23,1,324.8
13802.0,95,3,4599.42
13803.0,211,1,277.07
13804.0,35,5,2235.58
13805.0,8,2,924.5999999999999
13806.0,20,1,256.38
13807.0,323,1,112.6
13808.0,3,4,1518.5
13809.0,261,1,155.05
13810.0,12,2,1253.0
13811.0,140,3,814.5
13812.0,20,2,418.62
13813.0,27,3,959.32
13814.0,48,2,1579.12
13815.0,128,2,2977.75
13816.0,20,1,371.69
13817.0,308,1,128.7
13819.0,258,3,1140.35
13821.0,101,2,385.64
13823.0,48,1,650.42
13824.0,92,4,1429.84
13826.0,132,1,189.5
13827.0,14,3,409.8
13831.0,44,5,1791.05
13833.0,115,1,383.85
13835.0,8,3,742.91
13837.0,168,2,266.59000000000003
13838.0,74,3,467.54
13841.0,209,1,85.0
13842.0,15,9,3385.62
13845.0,21,1,312.98
13846.0,198,2,663.9300000000001
13848.0,48,3,1255.0
13849.0,8,2,1537.95
13850.0,85,1,1595.48
13851.0,52,3,2651.46
13853.0,13,1,1090.1399999999999
13854.0,21,22,7088.12
13856.0,125,3,388.5
13858.0,13,1,216.17000000000002
13859.0,282,1,201.16
13860.0,8,3,617.8100000000001
13862.0,29,7,2089.7
13863.0,204,1,305.78
13865.0,14,4,501.56
13866.0,30,1,145.67
13867.0,31,2,582.64
13869.0,79,4,3083.65
13870.0,58,5,2179.4700000000003
13871.0,1,12,5870.49
13873.0,76,3,389.6
13874.0,314,1,540.45
13875.0,10,5,1786.79
13876.0,20,1,122.7
13877.0,42,1,117.24
13878.0,11,1,1271.57
13880.0,8,12,2823.12
13881.0,9,14,12412.34
13882.0,20,1,192.76
13883.0,175,4,1742.78
13884.0,45,4,540.5
13885.0,145,2,506.8
13886.0,27,1,243.56
13887.0,160,1,349.55
13888.0,76,2,595.67
13889.0,49,1,416.90000000000003
13890.0,7,3,604.96
13892.0,9,3,571.77
13893.0,254,1,821.1
13894.0,266,1,160.85
13895.0,23,3,1911.1100000000001
13897.0,6,1,311.16
13898.0,282,1,155.93
13899.0,231,1,298.5
13900.0,139,3,740.95
13901.0,28,5,2867.2000000000003
13904.0,251,1,201.12
13908.0,36,4,2369.55
13911.0,13,9,2580.91
13917.0,6,2,272.04
13918.0,6,2,1212.8400000000001
13919.0,15,2,384.81
13922.0,308,1,172.25
13923.0,10,1,351.13
13924.0,28,1,679.03
13925.0,48,4,678.25
13927.0,31,1,348.99
13928.0,63,2,225.45000000000002
13929.0,125,2,842.65
13930.0,14,2,337.34
13931.0,52,2,1237.53
13932.0,251,1,307.4
13933.0,65,2,608.79
13934.0,220,1,922.1
13936.0,136,1,376.58
13937.0,125,1,158.85
13939.0,65,2,390.21
13940.0,20,3,616.3000000000001
13941.0,46,4,3859.3
13946.0,35,3,561.57
13947.0,21,1,90.60000000000001
13948.0,317,1,102.0
13949.0,22,3,1212.17
13950.0,29,2,323.66
13951.0,132,3,674.45
13952.0,174,2,3251.071
13953.0,9,6,3104.36
13954.0,27,1,227.41
13955.0,110,2,322.96
13956.0,10,4,865.72
13959.0,35,3,594.04
13960.0,28,1,128.1
13962.0,202,1,117.6
13963.0,264,4,664.54
13967.0,102,1,80.7
13969.0,15,12,4780.65
13971.0,16,7,2357.56
13972.0,27,2,190.25
13973.0,243,1,264.7
13974.0,5,1,413.59000000000003
13975.0,84,4,1466.67
13976.0,163,1,357.98
13978.0,1,1,158.99
13979.0,29,1,869.87
13980.0,16,1,200.14
13982.0,119,3,1230.14
13983.0,14,10,2076.51
13984.0,82,4,819.33
13985.0,15,9,4418.18
13988.0,29,4,3185.31
13989.0,22,2,1266.08
13990.0,169,1,311.3
13991.0,8,3,537.16
13993.0,20,8,3092.71
13994.0,23,4,1549.74
13995.0,12,4,1177.93
13999.0,21,10,3177.41
14000.0,167,1,635.66
14001.0,2,3,2043.0800000000002
14002.0,90,2,529.73
14004.0,34,6,3769.4900000000002
14005.0,32,4,977.68
14006.0,72,3,962.19
14009.0,154,2,695.61
14012.0,234,1,328.8
14013.0,66,3,473.02
14014.0,33,1,505.18
14015.0,9,1,917.34
14016.0,118,4,4341.21
14019.0,3,3,1421.6100000000001
14020.0,44,1,331.14
14021.0,111,3,631.9
14022.0,181,1,440.0
14023.0,206,1,273.14
14024.0,78,2,327.7
14027.0,17,1,104.82
14029.0,19,2,467.66
14030.0,45,7,1816.81
14031.0,5,17,14711.65
14032.0,43,7,2147.57
14034.0,113,2,473.90999999999997
14035.0,3,4,1127.7
14036.0,241,1,626.65
14037.0,132,2,147.20000000000002
14038.0,34,3,1560.38
14040.0,17,11,3419.27
14041.0,222,1,141.41
14044.0,59,3,535.71
14045.0,65,4,1659.75
14046.0,240,1,154.99
14047.0,29,4,957.46
14048.0,261,1,409.93
14049.0,115,3,3244.74
14050.0,62,1,485.98
14051.0,1,19,11963.29
14053.0,80,2,260.25
14054.0,21,1,92.46000000000001
14055.0,62,1,725.6400000000001
14056.0,8,20,6727.04
14057.0,22,16,5572.5
14059.0,223,1,183.6
14060.0,13,17,5430.38
14062.0,28,11,9225.47
14064.0,69,4,1097.03
14066.0,223,1,152.55
14067.0,20,2,374.7
14068.0,276,1,265.85
14071.0,3,3,524.76
14075.0,217,1,307.92
14076.0,85,1,118.67
14077.0,34,4,366.7
14078.0,58,6,1049.37
14079.0,81,1,375.1
14081.0,258,2,921.62
14082.0,321,1,182.25
14083.0,82,7,533.39
14085.0,1,14,3511.48
14088.0,10,8,33640.2
14089.0,13,1,158.75
14090.0,281,1,76.32000000000001
14092.0,24,11,3096.59
14096.0,1,11,23459.32
14099.0,21,9,2673.1
14100.0,94,1,191.95
14101.0,30,6,5976.79
14104.0,110,2,216.21
14105.0,195,1,1266.23
14107.0,8,7,2703.23
14108.0,58,1,291.33
14109.0,29,1,144.2
14110.0,23,8,4470.2300000000005
14111.0,52,3,295.5
14112.0,87,4,1900.82
14113.0,34,2,926.38
14114.0,230,2,386.53
14116.0,20,3,956.32
14117.0,100,1,90.0
14121.0,16,1,233.1
14124.0,40,1,419.58
14125.0,34,1,1295.43
14127.0,79,3,709.71
14128.0,17,2,637.5
14129.0,52,3,726.23
14130.0,275,1,480.91
14132.0,16,7,2319.7400000000002
14133.0,86,3,605.64
14135.0,32,11,3514.32
14138.0,20,1,621.71
14139.0,2,1,415.82
14141.0,16,3,688.7800000000001
14142.0,329,1,311.81
14143.0,90,1,115.8
14145.0,3,4,3742.2
14146.0,37,4,2965.84
14147.0,34,2,483.4
14148.0,190,1,157.2
14149.0,177,1,446.62
14150.0,316,1,306.18
14152.0,31,2,621.29
14154.0,195,2,1345.62
14155.0,222,1,118.75
14156.0,6,50,110457.4
14157.0,241,1,269.18
14159.0,8,9,3297.86
14161.0,172,3,1097.6200000000001
14162.0,130,2,289.36
14163.0,43,4,2445.91
14164.0,27,2,1631.77
14165.0,232,1,120.44
14167.0,121,3,389.85
14171.0,54,1,363.79
14173.0,1,2,243.81
14175.0,16,3,3222.3
14176.0,253,4,576.9000000000001
14177.0,42,4,549.46
14178.0,23,4,676.03
14179.0,8,1,538.32
14180.0,14,23,4408.62
14184.0,22,1,452.89
14185.0,287,1,197.65
14188.0,28,5,1717.96
14189.0,52,11,3267.92
14191.0,8,9,2855.26
14193.0,24,2,853.39
14194.0,16,16,7577.110000000001
14195.0,158,2,1012.0
14196.0,63,1,335.52
14198.0,43,3,528.8
14199.0,174,1,185.39999999999998
14201.0,16,7,747.44
14205.0,220,1,222.9
14206.0,195,1,328.15999999999997
14208.0,50,1,151.74
14209.0,77,5,1876.33
14210.0,62,6,1905.8400000000001
14211.0,9,9,2241.1
14212.0,45,1,1070.48
14214.0,7,4,954.58
14215.0,34,5,1343.91
14217.0,14,13,1572.6200000000001
14220.0,203,2,632.4000000000001
14221.0,37,8,3088.89
14222.0,133,1,683.17
14223.0,48,3,991.13
14224.0,66,4,1009.73
14226.0,27,3,1877.77
14227.0,42,9,3031.9
14229.0,8,3,1547.2
14231.0,140,3,925.71
14232.0,71,4,1573.33
14233.0,5,4,1462.72
14234.0,1,2,431.0
14235.0,31,5,3144.86
14236.0,37,2,490.86
14237.0,329,1,161.0
14238.0,282,1,146.85
14239.0,27,10,2219.39
14240.0,182,1,226.85000000000002
14241.0,140,1,213.70000000000002
14242.0,191,2,280.55
14243.0,51,8,2305.9500000000003
14245.0,176,2,1693.45
14246.0,67,3,1474.06
14247.0,234,1,136.77
14248.0,274,1,302.58
14250.0,45,1,1228.83
14251.0,13,1,1259.46
14256.0,216,2,969.0600000000001
14257.0,20,5,3099.7200000000003
14258.0,46,8,11298.380000000001
14259.0,98,1,120.0
14261.0,7,2,1163.45
14262.0,10,5,1593.75
14264.0,111,2,333.97
14265.0,65,2,530.18
14267.0,119,3,1516.24
14270.0,288,1,492.65000000000003
14271.0,181,1,112.32000000000001
14272.0,30,2,437.96
14273.0,7,4,559.97
14276.0,55,3,1119.74
14277.0,168,1,1629.03
14280.0,153,1,134.04
14282.0,37,10,2768.84
14284.0,42,1,252.1
14285.0,32,2,1253.43
14286.0,2,2,2692.85
14287.0,155,2,83.28
14288.0,169,1,426.6
14289.0,91,5,832.78
14290.0,12,4,2050.12
14291.0,14,9,3325.56
14292.0,44,5,3143.95
14293.0,103,3,739.41
14297.0,7,3,724.95
14298.0,9,42,49593.14
14299.0,14,7,3150.55
14301.0,73,1,640.14
14304.0,179,1,383.45
14305.0,27,3,1858.96
14306.0,7,2,2093.32
14307.0,45,6,2995.7200000000003
14309.0,49,7,1633.7
14311.0,199,1,310.26
14312.0,3,6,1611.5900000000001
14314.0,63,1,120.0
14315.0,1,6,2481.13
14317.0,21,1,508.58
14320.0,163,2,477.79
14321.0,30,4,1230.59
14323.0,71,2,605.0600000000001
14326.0,198,1,183.85
14327.0,119,1,311.65000000000003
14329.0,5,5,4606.79
14331.0,80,2,462.66
14332.0,22,2,559.24
14333.0,24,1,415.2
14334.0,50,7,2328.71
14335.0,52,1,347.5
14336.0,154,3,1114.39
14338.0,117,2,588.22
14339.0,199,1,309.52000000000004
14340.0,175,1,134.7
14341.0,1,8,2166.98
14342.0,93,2,419.74
14344.0,83,8,889.9300000000001
14346.0,77,2,1021.58
14348.0,216,1,409.57
14350.0,230,1,282.93
14351.0,121,1,51.0
14352.0,113,4,1078.96
14353.0,171,1,90.6
14355.0,322,1,174.4
14356.0,36,2,701.23
14359.0,44,1,483.39
14360.0,23,3,1907.08
14364.0,65,8,3717.35
14367.0,8,13,7680.9800000000005
14368.0,276,1,155.0
14371.0,251,1,100.5
14373.0,314,1,76.55
14375.0,141,1,235.56
14377.0,147,2,617.05
14379.0,251,1,110.98
14381.0,8,1,202.68
14383.0,20,2,917.81
14386.0,253,1,142.4
14387.0,30,2,929.74
14388.0,47,6,2277.77
14389.0,21,2,1043.46
14390.0,12,5,2470.51
14393.0,174,1,67.95
14395.0,16,8,2920.92
14396.0,21,2,487.99
14397.0,12,13,1455.9
14400.0,105,1,574.7
14401.0,36,11,3384.88
14403.0,86,4,1475.81
14404.0,65,5,1322.52
14406.0,75,1,156.75
14407.0,63,6,2157.73
14408.0,51,6,2290.81
14409.0,27,6,2059.4500000000003
14410.0,48,9,1100.27
14411.0,267,1,1063.0
14412.0,29,1,462.45
14413.0,318,1,121.05
14414.0,48,7,1496.98
14415.0,17,10,4047.2400000000002
14418.0,64,1,150.44
14419.0,17,4,667.1800000000001
14420.0,55,1,387.52
14421.0,13,2,813.11
14422.0,9,4,3551.08
14423.0,174,1,265.2
14426.0,97,6,2885.58
14427.0,6,2,363.34000000000003
14428.0,35,3,534.12
14431.0,259,1,470.36
14432.0,3,3,1273.25
14434.0,8,4,721.1999999999999
14436.0,55,1,89.06
14437.0,322,1,63.0
14438.0,262,1,131.9
14439.0,276,1,2661.24
14440.0,28,3,1558.73
14441.0,51,2,697.4
14442.0,161,2,1589.82
14443.0,10,4,1420.2
14446.0,37,2,674.56
14447.0,7,4,872.47
14448.0,320,1,102.35000000000001
14449.0,20,3,698.47
14450.0,137,3,483.25
14451.0,16,2,643.9
14452.0,50,1,127.37
14453.0,146,1,119.93
14456.0,29,5,1820.82
14457.0,267,1,113.64
14459.0,111,1,1837.92
14460.0,66,3,434.34
14461.0,104,3,2103.06
14462.0,22,11,1980.57
14463.0,54,3,529.62
14465.0,203,3,1038.44
14466.0,29,6,1785.65
14467.0,2,2,311.97
14470.0,244,1,297.64
14472.0,60,8,1852.67
14473.0,30,2,234.34
14474.0,2,1,547.66
14475.0,28,3,925.85
14476.0,213,1,193.0
14477.0,7,3,964.2
14479.0,210,2,316.25
14481.0,121,2,636.51
14482.0,1,3,1079.93
14483.0,238,1,137.1
14484.0,6,1,321.92
14487.0,38,4,816.61
14488.0,24,1,1064.28
14489.0,163,1,463.38
14491.0,131,2,340.93
14493.0,3,2,1010.72
14495.0,7,2,123.80000000000001
14496.0,268,2,538.8100000000001
14497.0,265,1,475.37
14498.0,72,4,1281.79
14499.0,90,2,367.81
14500.0,44,3,356.85
14501.0,140,2,251.21
14502.0,24,8,1627.86
14503.0,26,2,1284.45
14504.0,3,4,673.26
14505.0,65,6,4222.74
14506.0,22,4,1484.68
14507.0,57,4,924.6899999999999
14508.0,46,1,137.56
14511.0,22,3,648.33
14512.0,144,2,275.28
14513.0,57,3,455.59000000000003
14514.0,17,3,990.2
14515.0,23,3,1323.8700000000001
14517.0,98,1,252.45
14518.0,20,1,174.37
14520.0,247,1,165.0
14522.0,28,3,831.5
14523.0,64,1,241.09
14524.0,28,8,1731.93
14525.0,56,7,2820.29
14527.0,2,47,6549.55
14529.0,16,3,578.61
14530.0,49,5,2482.32
14532.0,192,4,932.85
14533.0,16,6,1797.06
14534.0,21,15,3737.26
14535.0,16,3,2854.84
14536.0,216,1,170.95
14537.0,14,1,355.56
14538.0,21,2,388.25
14539.0,1,1,72.13
14540.0,32,2,637.9300000000001
14541.0,15,8,1453.35
14542.0,142,1,103.25
14543.0,30,14,3271.15
14544.0,317,1,1101.77
14546.0,33,3,1602.1
14547.0,10,1,471.05
14548.0,107,2,652.8
14549.0,267,1,289.24
14550.0,1,1,340.79
14551.0,160,1,125.43
14552.0,107,1,164.22
14553.0,175,2,312.32
14554.0,8,1,334.93
14555.0,13,2,312.54
14557.0,41,1,788.38
14560.0,20,16,1829.82
14561.0,32,3,1080.76
14562.0,6,12,3616.02
14565.0,52,4,3099.12
14566.0,67,1,1432.0
14567.0,13,2,1530.3600000000001
14570.0,237,2,218.06
14572.0,66,5,2063.2400000000002
14573.0,136,9,1639.82
14576.0,328,1,35.400000000000006
14577.0,120,3,646.64
14583.0,100,4,741.72
14584.0,125,4,1033.06
14585.0,6,1,157.05
14586.0,233,1,237.35999999999999
14587.0,140,8,1452.68
14589.0,328,1,39.75
14591.0,169,1,204.02
14592.0,12,2,396.65
14593.0,155,2,339.59
14594.0,329,1,255.0
14595.0,12,4,1533.07
14597.0,148,1,165.1
14600.0,262,1,393.33000000000004
14603.0,231,1,660.0
14606.0,1,81,10506.78
14607.0,2,10,12090.2
14608.0,42,2,790.95
14609.0,28,4,601.56
14616.0,199,3,406.08000000000004
14618.0,294,1,211.8
14619.0,202,1,394.44
14620.0,162,2,412.78000000000003
14621.0,113,3,1002.9100000000001
14622.0,140,1,320.58000000000004
14623.0,72,3,606.16
14624.0,13,2,225.85
14625.0,152,2,899.63
14626.0,21,3,2182.2
14628.0,47,2,671.96
14629.0,3,1,603.1800000000001
14631.0,7,3,1006.98
14632.0,219,1,114.56
14633.0,222,1,344.90000000000003
14636.0,225,1,300.19
14638.0,7,1,443.6
14639.0,8,6,2984.4900000000002
14640.0,15,5,1789.43
14642.0,15,1,96.12
14643.0,126,2,693.8100000000001
14644.0,24,2,830.76
14645.0,113,2,597.09
14646.0,5,55,233107.37
14647.0,157,1,236.04000000000002
14649.0,28,3,895.18
14651.0,23,2,653.75
14652.0,33,1,114.18
14653.0,23,2,694.9
14655.0,27,2,1211.17
14656.0,125,2,291.05
14657.0,111,3,638.94
14658.0,73,1,123.14
14659.0,34,7,2067.98
14660.0,43,2,285.74
14662.0,191,3,512.28
14665.0,17,5,1835.7
14667.0,30,19,7075.8
14669.0,198,3,1259.24
14670.0,236,2,392.86
14672.0,191,2,765.5500000000001
14673.0,323,1,373.49
14676.0,35,5,2170.96
14680.0,28,15,27586.51
14681.0,27,3,498.95
14682.0,144,2,52.0
14684.0,38,3,622.77
14687.0,63,1,628.38
14688.0,9,18,4704.51
14689.0,165,1,112.80000000000001
14690.0,108,1,212.56
14691.0,27,4,1769.0700000000002
14692.0,93,4,591.55
14693.0,220,1,172.9
14696.0,27,6,1778.41
14697.0,174,2,188.61
14698.0,4,2,611.77
14699.0,170,1,109.13000000000001
14700.0,146,2,1541.1
14701.0,129,7,1941.43
14702.0,11,12,2357.97
14704.0,3,5,1093.01
14705.0,155,1,179.0
14708.0,110,2,701.1800000000001
14709.0,27,10,4264.04
14710.0,15,1,172.91
14711.0,47,9,2355.63
14712.0,31,2,421.47
14713.0,55,9,2029.61
14715.0,51,3,594.75
14716.0,104,1,181.72
14719.0,17,3,788.0
14720.0,45,2,401.13
14722.0,103,1,180.42
14723.0,314,3,455.65
14727.0,230,1,268.58
14729.0,329,1,313.49
14730.0,21,7,1669.38
14731.0,3,3,380.02
14732.0,44,6,1927.19
14733.0,67,11,9044.2
14735.0,38,26,4347.25
14737.0,85,2,1081.75
14738.0,20,6,1084.46
14739.0,22,5,2857.36
14740.0,153,3,1448.21
14741.0,10,5,1168.39
14744.0,16,6,1011.78
14745.0,69,5,1220.26
14747.0,205,1,328.2
14748.0,80,4,1118.77
14753.0,43,1,563.15
14754.0,1,2,638.05
14755.0,30,8,3171.98
14757.0,31,1,420.5
14758.0,101,4,1484.06
14759.0,69,2,870.85
14760.0,253,1,89.2
14761.0,15,2,255.9
14762.0,220,1,300.52
14764.0,3,1,278.3
14765.0,68,2,95.5
14766.0,37,5,2050.85
14768.0,83,1,133.20000000000002
14769.0,38,7,10075.01
14770.0,188,2,876.4200000000001
14772.0,68,1,139.26
14775.0,14,3,1011.9
14776.0,7,11,2538.2999999999997
14778.0,83,2,730.86
14779.0,236,3,386.15
14780.0,10,2,447.68
14782.0,276,1,200.10000000000002
14784.0,280,1,114.68
14790.0,76,2,364.04
14792.0,20,1,6.2
14794.0,160,4,679.54
14795.0,122,1,131.45000000000002
14796.0,13,15,7177.93
14798.0,9,3,173.74
14799.0,7,1,157.7
14800.0,3,12,4331.79
14801.0,17,1,189.34
14803.0,118,3,845.5500000000001
14805.0,9,2,245.65
14806.0,31,1,193.39000000000001
14808.0,31,7,2184.41
14810.0,60,10,1866.78
14813.0,326,2,152.88
14815.0,24,1,551.58
14816.0,153,1,271.85
14817.0,156,2,1110.34
14818.0,30,3,657.8
14819.0,20,2,272.07
14820.0,31,2,242.19
14821.0,323,1,48.800000000000004
14823.0,136,3,321.43
14824.0,29,2,755.51
14825.0,19,9,1644.91
14828.0,153,3,2139.76
14829.0,140,3,531.63
14830.0,9,1,188.88
14834.0,14,4,1195.14
14837.0,46,4,1649.5
14840.0,224,1,62.85
14841.0,9,6,3295.76
14842.0,51,3,1901.52
14844.0,20,4,3189.81
14847.0,105,1,309.40000000000003
14849.0,21,19,6569.88
14850.0,268,1,325.75
14851.0,212,1,206.13
14852.0,14,6,2836.69
14853.0,167,1,214.5
14854.0,34,7,2740.03
14855.0,75,2,645.65
14856.0,13,1,982.42
14857.0,16,2,1173.1200000000001
14859.0,36,2,927.12
14861.0,8,1,125.79
14862.0,105,1,304.1
14865.0,328,1,37.2
14866.0,7,7,11029.08
14867.0,142,3,710.28
14868.0,28,5,1634.77
14869.0,59,1,387.06
14870.0,218,1,327.25
14871.0,134,3,335.3
14873.0,166,1,519.68
14875.0,64,2,1465.32
14878.0,39,7,1184.26
14880.0,33,3,690.59
14883.0,29,4,571.99
14885.0,88,1,765.3199999999999
14886.0,209,1,364.8
14887.0,35,1,1862.0
14888.0,163,1,369.2
14889.0,292,1,135.9
14890.0,210,1,125.65
14891.0,104,2,554.38
14894.0,41,1,655.75
14895.0,2,14,8428.99
14896.0,161,2,468.77000000000004
14897.0,9,3,746.32
14898.0,90,5,991.18
14901.0,30,7,1093.83
14903.0,80,4,2398.62
14905.0,113,2,616.15
14907.0,55,5,2608.1800000000003
14908.0,30,1,277.8
14910.0,11,1,214.41
14911.0,2,156,112937.95
14912.0,203,1,482.79
14913.0,139,3,917.15
14915.0,47,2,307.48
14916.0,27,4,1268.98
14918.0,72,2,1610.15
14920.0,169,2,977.77
14921.0,157,1,903.01
14923.0,7,1,749.1
14924.0,202,1,310.05
14930.0,65,3,2362.96
14931.0,31,3,847.65
14932.0,322,1,363.53
14934.0,38,2,1890.94
14935.0,253,1,1784.71
14936.0,22,6,6833.88
14937.0,13,3,1621.88
14944.0,33,9,4922.51
14947.0,28,2,290.82
14948.0,27,5,834.27
14951.0,35,1,311.69
14952.0,16,11,8099.49
14957.0,209,1,58.49
14958.0,103,3,483.73
14959.0,20,4,695.42
14960.0,127,1,88.3
14961.0,37,8,5899.93
14962.0,227,1,126.7
14963.0,14,2,608.35
14964.0,203,1,206.21
14965.0,52,2,596.09
14967.0,6,1,463.8
14970.0,24,4,1592.06
14972.0,84,1,114.77
14973.0,63,3,1314.45
14975.0,13,1,279.94
14976.0,13,7,790.86
14978.0,28,5,1921.3700000000001
14981.0,202,1,102.12
14984.0,137,1,102.23
14985.0,154,2,292.01
14987.0,322,1,163.2
14988.0,168,1,334.54
14995.0,236,1,119.31
14997.0,2,3,546.1999999999999
14998.0,126,2,414.87
15000.0,4,1,490.52
15002.0,72,4,1641.76
15004.0,103,1,1220.77
15005.0,14,24,5261.22
15006.0,7,1,480.38
15007.0,115,1,156.91
15012.0,10,2,405.04
15014.0,132,1,117.72999999999999
15016.0,129,1,170.04
15018.0,209,2,291.34000000000003
15019.0,223,1,252.81
15021.0,42,6,1385.3600000000001
15022.0,3,1,317.88
15023.0,72,8,5027.97
15024.0,15,7,1052.73
15026.0,36,3,469.0
15027.0,124,3,966.97
15028.0,324,1,185.97
15030.0,28,2,518.28
15031.0,66,2,261.79
15032.0,212,3,4959.1
15033.0,9,7,1952.38
15034.0,26,6,3264.41
15035.0,46,1,252.73000000000002
15036.0,28,3,429.56
15038.0,15,6,685.74
15039.0,8,42,18956.06
15041.0,126,1,179.93
15042.0,155,1,135.93
15044.0,22,15,5945.24
15045.0,108,2,735.66
15046.0,2,13,4381.53
15047.0,226,1,343.62
15048.0,21,4,381.0
15049.0,230,1,121.17000000000002
15050.0,27,2,1278.78
15051.0,5,2,1137.68
15052.0,275,1,207.73000000000002
15053.0,112,2,478.6
15057.0,231,2,1489.5
15058.0,6,9,1633.14
15059.0,63,7,1008.6
15061.0,6,44,44849.36
15062.0,27,4,987.86
15063.0,169,1,370.79999999999995
15065.0,121,3,2858.75
15066.0,9,1,893.59
15067.0,34,3,1744.76
15068.0,2,2,553.36
15069.0,135,1,1109.53
15070.0,329,1,106.2
15071.0,50,2,982.07
15073.0,142,2,861.96
15074.0,61,1,735.67
15075.0,34,1,773.03
15076.0,129,1,880.85
15078.0,12,27,8059.37
15079.0,168,4,895.61
15081.0,22,4,416.55
15083.0,213,1,88.2
15087.0,238,1,306.94
15088.0,23,1,864.19
15089.0,1,4,2182.93
15090.0,264,1,381.32
15091.0,23,1,480.71
15092.0,171,2,457.81
15093.0,73,5,4027.1
15095.0,60,4,1370.6000000000001
15098.0,138,3,39916.5
15099.0,40,1,410.48
15100.0,290,3,876.0
15101.0,315,1,102.28
15103.0,42,1,291.68
15104.0,153,2,993.54
15105.0,23,4,1717.57
15106.0,21,4,1302.46
15107.0,267,6,319.5
15108.0,98,4,1300.25
15109.0,202,1,484.95
15110.0,1,3,680.4
15111.0,23,2,1237.8
15113.0,10,1,2142.79
15114.0,27,9,2252.28
15116.0,14,3,1202.75
15117.0,6,3,1202.03
15118.0,90,1,244.8
15119.0,202,1,266.4
15120.0,90,1,358.82
15121.0,6,2,457.72
15122.0,70,3,1633.78
15123.0,162,1,1069.47
15124.0,148,1,90.75
15125.0,17,14,11170.48
15127.0,22,1,406.53000000000003
15128.0,16,4,1471.0
15129.0,6,11,3447.4
15130.0,126,1,330.11
15132.0,12,4,948.4300000000001
15133.0,84,3,982.42
15134.0,1,6,1064.47
15135.0,195,1,139.05
15136.0,52,1,582.9
15139.0,196,2,178.96
15140.0,8,7,2354.25
15142.0,2,1,498.74
15143.0,182,1,259.45
15144.0,8,14,4628.84
15145.0,183,2,724.03
15146.0,121,2,1327.16
15147.0,196,1,623.5
15149.0,90,1,520.8000000000001
15150.0,30,7,4360.29
15152.0,5,9,3328.54
15154.0,31,1,254.28
15157.0,110,2,1505.37
15158.0,1,1,401.40000000000003
15159.0,6,25,14542.02
15160.0,313,1,158.16
15163.0,148,1,155.0
15164.0,25,3,824.58
15165.0,329,1,487.75
15167.0,276,1,158.8
15171.0,287,1,1289.5
15172.0,26,4,1247.95
15174.0,279,1,135.75
15175.0,28,1,224.14
15178.0,216,1,40.5
15179.0,9,4,1643.67
15180.0,323,1,87.5
15181.0,22,3,689.48
15182.0,110,2,622.85
15184.0,147,1,235.23000000000002
15185.0,26,1,310.62
15186.0,124,1,229.26000000000002
15187.0,6,9,2687.06
15189.0,47,33,12635.77
15192.0,76,3,1044.32
15193.0,17,1,499.32
15194.0,34,13,5488.22
15197.0,209,2,773.25
15198.0,48,2,193.64
15199.0,15,4,1268.7
15201.0,43,5,1236.54
15203.0,36,5,1517.72
15204.0,313,1,316.58
15205.0,41,2,653.24
15206.0,56,3,236.70000000000002
15208.0,19,3,495.82
15210.0,181,1,331.18
15211.0,16,2,894.4100000000001
15212.0,197,1,101.8
15213.0,275,2,328.35
15214.0,20,4,1061.3500000000001
15215.0,3,3,734.94
15216.0,44,1,96.6
15218.0,10,10,4949.21
15219.0,132,1,305.75
15220.0,8,6,1778.96
15221.0,322,1,403.25
15222.0,275,1,585.0
15223.0,182,2,755.75
15224.0,314,2,322.08
15225.0,190,1,409.40000000000003
15226.0,267,1,154.41
15227.0,172,3,876.82
15228.0,22,4,3386.71
15230.0,195,2,429.6
15232.0,69,2,612.06
15234.0,233,1,197.0
15235.0,174,12,2247.51
15236.0,255,1,321.05
15237.0,34,3,1328.72
15238.0,51,2,772.78
15239.0,35,1,461.79
15240.0,1,5,1706.57
15241.0,23,8,1756.44
15243.0,30,1,316.68
15244.0,21,2,631.57
15245.0,90,3,2515.84
15246.0,194,2,514.15
15247.0,78,1,356.0
15249.0,22,12,6280.91
15251.0,47,8,9695.82
15252.0,139,1,300.55
15253.0,45,3,640.6
15254.0,83,1,300.36
15255.0,22,1,890.85
15256.0,105,1,98.45
15257.0,239,1,317.15
15258.0,125,2,623.16
15260.0,56,7,1810.77
15261.0,91,1,254.82
15262.0,280,1,178.95000000000002
15263.0,63,1,156.51
15264.0,20,1,393.74
15265.0,107,2,1506.1200000000001
15266.0,294,1,119.3
15267.0,15,3,1527.76
15270.0,74,5,1850.29
15271.0,2,12,2026.53
15272.0,13,2,721.94
15276.0,22,1,128.63
15277.0,3,1,255.89999999999998
15279.0,311,1,290.51
15280.0,128,1,113.12
15281.0,15,9,2332.15
15286.0,6,1,240.55
15287.0,27,1,340.98
15288.0,112,4,2006.36
15289.0,94,2,697.98
15290.0,35,13,4459.87
15291.0,51,12,3685.02
15292.0,157,1,178.39
15296.0,7,6,3672.86
15297.0,20,1,230.46
15298.0,49,7,3358.2200000000003
15299.0,23,7,4507.01
15300.0,20,1,496.44
15301.0,7,12,5049.95
15303.0,246,1,574.02
15304.0,17,8,694.4
15306.0,20,3,1174.3500000000001
15307.0,52,1,205.3
15308.0,230,1,310.47
15311.0,5,76,50969.5
15312.0,31,4,924.85
15313.0,66,1,52.0
15314.0,155,1,327.97
15315.0,20,2,570.5
15316.0,283,1,165.0
15319.0,239,1,204.5
15321.0,27,3,2748.31
15322.0,42,1,679.68
15325.0,60,1,161.74
15326.0,290,1,311.71
15327.0,9,1,208.75
15329.0,90,2,754.0
15330.0,17,1,320.4
15332.0,322,4,1661.06
15333.0,164,1,1028.56
15334.0,113,3,350.82
15335.0,9,1,170.22
15339.0,22,2,574.07
15341.0,37,1,2020.52
15342.0,86,1,406.09000000000003
15343.0,43,1,364.5
15344.0,30,1,308.69
15345.0,2,1,393.54
15346.0,289,1,252.42000000000002
15347.0,322,1,201.60000000000002
15348.0,28,1,158.04
15349.0,114,2,463.91
15350.0,329,1,115.65
15351.0,11,5,1373.6100000000001
15353.0,211,2,770.12
15355.0,9,1,126.25
15356.0,27,9,2567.9900000000002
15358.0,5,19,7137.44
15361.0,318,1,418.92
15363.0,329,1,326.0
15364.0,52,2,913.19
15365.0,38,4,1945.15
15366.0,31,2,602.51
15367.0,13,4,1877.5900000000001
15370.0,16,6,2072.25
15372.0,93,1,2007.4
15373.0,72,9,1686.9
15374.0,85,1,168.0
15376.0,73,2,977.22
15379.0,125,7,3703.29
15380.0,3,4,1304.96
15381.0,170,2,596.85
15382.0,41,5,4709.9
15384.0,126,2,642.41
15386.0,142,1,394.14
15388.0,226,1,140.54
15389.0,128,1,500.0
15392.0,45,2,665.46
15393.0,237,1,124.10000000000001
15394.0,34,3,1854.14
15395.0,281,1,107.45
15396.0,69,1,288.18
15397.0,246,1,94.0
15398.0,34,1,634.85
15399.0,35,1,305.17
15400.0,48,5,716.2
15402.0,105,2,626.77
15405.0,145,1,349.1
15406.0,257,1,252.29
15407.0,140,3,740.73
15408.0,220,1,267.18
15410.0,40,8,3450.84
15411.0,26,3,991.26
15412.0,127,1,190.53
15414.0,198,1,36.2
15415.0,269,1,559.61
15416.0,21,4,3984.32
15417.0,41,1,508.8
15421.0,15,4,950.36
15422.0,279,2,97.7
15424.0,210,2,383.34
15426.0,213,2,634.13
15427.0,3,1,359.49
15429.0,31,1,243.06
15433.0,170,2,533.3
15434.0,63,3,587.28
15436.0,3,2,836.55
15437.0,218,1,200.16
15438.0,87,1,156.57999999999998
15440.0,11,3,383.68
15442.0,205,1,594.0
15443.0,1,4,1665.38
15445.0,220,1,113.5
15447.0,287,1,155.17000000000002
15448.0,269,1,494.64
15449.0,141,2,647.7
15452.0,27,2,403.08000000000004
15453.0,12,5,888.16
15454.0,318,1,179.1
15456.0,239,3,434.59
15457.0,218,1,237.07
15460.0,310,1,214.26
15462.0,50,3,234.6
15464.0,294,1,1044.65
15465.0,18,17,6568.179999999999
15466.0,41,1,334.53
15467.0,101,2,402.56
15468.0,7,2,467.51
15469.0,6,2,538.55
15472.0,69,1,371.56
15473.0,14,5,1057.2
15475.0,33,1,454.11
15478.0,13,1,826.83
15480.0,72,1,905.5
15482.0,1,7,2688.3
15483.0,117,4,225.26
15484.0,13,2,2026.78
15485.0,292,2,1268.13
15488.0,49,1,91.32000000000001
15489.0,14,2,790.9
15491.0,51,6,3100.09
15492.0,30,1,487.74
15493.0,106,3,1286.95
15494.0,77,1,1119.88
15497.0,276,1,970.6
15498.0,13,23,11390.24
15500.0,37,1,406.02000000000004
15502.0,23,10,9736.98
15503.0,319,1,141.04
15504.0,37,1,52.83
15505.0,9,5,3610.96
15506.0,2,2,507.23
15507.0,128,1,475.86
15508.0,145,6,1000.27
15510.0,287,1,250.0
15511.0,6,3,505.8
15512.0,112,2,121.0
15513.0,51,17,11352.14
15514.0,182,6,2501.94
15516.0,1,3,62.43
15517.0,189,1,267.03
15518.0,20,8,1921.55
15521.0,51,7,2326.78
15522.0,44,1,259.05
15523.0,40,1,412.01000000000005
15525.0,329,1,274.93
15527.0,45,6,1608.34
15528.0,210,1,229.33
15529.0,23,10,3613.04
15530.0,106,3,1163.69
15532.0,87,3,1214.49
15533.0,38,2,554.74
15535.0,129,4,502.9
15537.0,119,1,110.92
15541.0,70,1,85.13000000000001
15543.0,244,1,127.86
15544.0,76,7,2772.37
15545.0,10,2,288.96999999999997
15547.0,24,12,4161.27
15549.0,33,3,1681.46
15550.0,62,3,433.28
15552.0,173,1,90.12
15553.0,16,1,428.93
15554.0,234,1,217.2
15555.0,14,13,3591.42
15561.0,106,3,449.66999999999996
15562.0,308,1,134.55
15563.0,157,2,735.62
15565.0,6,2,173.16000000000003
15568.0,1,2,422.52
15569.0,60,5,1375.71
15570.0,98,9,2809.98
15571.0,34,1,202.35
15572.0,66,4,1552.79
15573.0,42,1,404.09
15574.0,134,4,675.64
15577.0,107,3,258.88
15578.0,118,1,127.1
15579.0,24,2,327.6
15581.0,77,13,3675.77
15582.0,56,2,541.51
15584.0,4,3,576.8
15585.0,133,1,455.3
15587.0,6,4,913.68
15589.0,212,3,478.53
15592.0,3,1,388.58
15593.0,27,1,199.8
15594.0,38,3,1506.43
15596.0,57,5,1406.59
15598.0,9,1,240.68
15599.0,160,1,448.83
15601.0,12,13,6598.16
15602.0,27,6,945.19
15603.0,35,1,48.480000000000004
15604.0,8,1,216.39000000000001
15605.0,46,4,894.78
15606.0,17,9,2920.16
15607.0,292,1,104.76
15608.0,16,3,971.28
15609.0,140,1,298.48
15610.0,8,1,112.46000000000001
15611.0,26,10,1095.8400000000001
15612.0,17,1,69.65
15615.0,2,21,8573.36
15618.0,48,3,419.041
15620.0,12,3,1553.18
15622.0,43,8,3327.61
15623.0,97,1,301.03000000000003
15624.0,73,4,588.13
15625.0,60,4,1534.26
15626.0,31,2,675.8
15628.0,3,7,2363.36
15630.0,1,2,1186.35
15632.0,20,7,2978.96
15636.0,46,2,724.76
15637.0,9,1,223.36
15639.0,90,1,425.32
15640.0,34,12,9361.0
15641.0,61,4,1887.2
15643.0,148,3,664.0
15644.0,122,4,803.54
15646.0,114,3,447.64000000000004
15648.0,160,2,639.5
15649.0,292,2,816.0
15651.0,217,1,227.32
15652.0,47,1,337.74
15653.0,49,2,877.44
15655.0,199,1,560.6700000000001
15656.0,1,4,748.5
15658.0,146,5,1024.1000000000001
15660.0,41,7,1256.5
15661.0,273,2,309.8
15663.0,62,1,138.14
15664.0,7,1,386.43
15665.0,124,2,2222.21
15668.0,174,1,76.32000000000001
15669.0,60,3,565.54
15670.0,253,1,173.05
15671.0,51,5,1972.89
15673.0,44,4,2726.23
15674.0,29,5,2446.6
15675.0,37,3,323.69
15676.0,240,1,897.8
15677.0,5,1,657.23
15678.0,9,1,352.7
15679.0,110,2,260.26
15680.0,322,1,478.89
15681.0,139,3,703.22
15683.0,73,1,193.75
15687.0,21,6,2241.18
15689.0,76,2,254.1
15690.0,57,1,111.0
15691.0,208,1,136.8
15694.0,23,10,4716.04
15695.0,223,2,409.98
15696.0,36,7,2008.9
15700.0,128,2,696.68
15701.0,24,3,1210.06
15703.0,221,1,211.5
15704.0,96,4,2293.62
15705.0,157,1,143.1
15706.0,20,4,1060.56
15707.0,20,2,347.1
15708.0,95,6,2589.34
15709.0,240,1,133.25
15712.0,27,4,865.9100000000001
15713.0,99,2,356.7
15714.0,34,1,132.48000000000002
15716.0,102,4,1101.11
15717.0,190,1,150.3
15719.0,20,12,4416.13
15722.0,65,3,1413.45
15723.0,321,1,190.70000000000002
15724.0,157,2,218.25
15727.0,63,6,4589.39
15729.0,169,1,85.0
15730.0,22,3,1120.88
15732.0,168,2,294.12
15733.0,239,1,162.3
15734.0,71,2,1339.45
15737.0,35,6,1064.51
15738.0,20,14,4159.97
15739.0,22,1,449.12
15740.0,5,1,154.88
15743.0,69,2,434.05
15744.0,34,1,34.8
15745.0,30,2,607.75
15746.0,90,1,196.88
15747.0,76,2,525.37
15749.0,191,3,44534.3
15750.0,28,5,1615.47
15752.0,49,6,2093.37
15753.0,260,1,79.2
15754.0,7,3,458.57
15755.0,30,5,2076.7400000000002
15756.0,17,4,528.01
15757.0,22,2,714.42
15759.0,174,3,253.04000000000002
15762.0,21,2,583.75
15763.0,34,1,522.49
15764.0,44,6,3279.9700000000003
15766.0,20,1,315.06
15768.0,72,3,621.83
15769.0,10,23,50694.72
15774.0,25,1,270.8
15775.0,201,1,104.9
15776.0,89,1,241.62
15777.0,197,4,1047.1100000000001
15780.0,140,3,475.28000000000003
15781.0,94,2,211.3
15782.0,6,2,2164.34
15785.0,114,4,1665.8300000000002
15786.0,2,3,4919.0
15787.0,17,1,479.09999999999997
15789.0,314,1,351.3
15791.0,160,1,1223.24
15793.0,225,1,306.64
15795.0,106,1,610.01
15796.0,28,6,1884.76
15797.0,69,4,2207.4
15799.0,31,3,884.14
15800.0,63,2,696.89
15801.0,2,3,1063.95
15802.0,99,1,451.42
15803.0,7,1,415.82000000000005
15804.0,21,9,3173.52
15805.0,2,14,4926.66
15806.0,2,3,784.58
15807.0,6,3,903.9
15808.0,262,4,3651.27
15809.0,140,4,399.21000000000004
15810.0,35,4,1391.98
15811.0,62,5,1773.8
15812.0,63,5,1801.14
15813.0,164,2,1303.9099999999999
15814.0,6,2,1120.95
15815.0,19,5,2100.6
15819.0,5,4,1905.45
15820.0,276,1,206.98
15821.0,17,1,254.18
15822.0,315,1,440.2
15823.0,328,1,15.0
15825.0,128,1,532.94
15826.0,12,3,1654.31
15827.0,29,14,1836.09
15829.0,55,2,636.14
15831.0,14,3,794.64
15832.0,210,1,836.79
15834.0,26,4,2225.15
15835.0,93,3,675.51
15836.0,6,1,137.37
15837.0,21,1,391.98
15838.0,21,14,28333.58
15839.0,37,2,790.36
15840.0,15,2,355.56
15841.0,29,4,1224.06
15843.0,260,1,118.95
15844.0,2,1,130.73999999999998
15845.0,43,6,3070.0
15847.0,244,1,180.68
15850.0,124,1,116.16
15852.0,143,2,160.71
15853.0,8,1,110.8
15854.0,43,10,2839.94
15855.0,93,5,712.24
15856.0,1,21,13082.86
15858.0,16,4,1240.34
15860.0,32,7,863.15
15861.0,2,4,1685.8
15862.0,68,3,659.73
15863.0,149,1,9.2
15864.0,23,4,1478.4
15865.0,45,2,603.85
15866.0,57,1,211.89
15867.0,26,13,3305.12
15869.0,233,2,149.64
15874.0,20,7,4405.88
15880.0,325,1,329.03
15881.0,268,5,501.39
15882.0,155,4,516.36
15885.0,49,3,379.35
15886.0,16,1,181.09
15888.0,37,1,168.31
15889.0,113,2,420.07
15891.0,183,1,511.68
15894.0,209,2,258.25
15895.0,106,1,179.17
15897.0,150,2,208.59
15898.0,183,4,997.94
15899.0,325,1,56.25
15901.0,34,2,229.2
15903.0,26,4,2520.36
15906.0,24,5,1388.2
15907.0,132,2,477.59000000000003
15909.0,130,1,191.94
15910.0,21,6,851.77
15912.0,134,2,264.62
15916.0,33,6,965.85
15917.0,204,1,123.1
15918.0,147,2,334.23
15919.0,325,1,214.07999999999998
15920.0,110,4,167.5
15921.0,129,1,323.03000000000003
15922.0,329,1,369.5
15923.0,329,1,127.08
15925.0,150,1,207.15
15930.0,23,1,426.63
15932.0,44,7,2195.65
15933.0,27,2,728.27
15935.0,195,2,416.86
15937.0,20,1,145.35000000000002
15938.0,68,5,404.58000000000004
15939.0,46,15,6115.01
15940.0,267,1,35.8
15942.0,90,1,337.44
15944.0,233,1,325.1
15945.0,321,1,181.0
15947.0,39,1,1708.24
15949.0,27,1,237.04000000000002
15950.0,35,3,1326.42
15951.0,242,1,375.17
15952.0,24,3,558.64
15953.0,3,6,1237.54
15955.0,15,12,3428.82
15958.0,30,1,104.35
15963.0,1,1,280.04
15965.0,323,1,156.19
15967.0,275,1,161.9
15969.0,6,2,531.1
15970.0,260,1,314.09999999999997
15971.0,9,11,3995.85
15973.0,323,1,307.82000000000005
15974.0,51,6,2895.01
15975.0,40,1,371.01
15976.0,121,2,427.64
15978.0,33,1,1098.78
15980.0,45,3,2398.86
15981.0,33,7,2849.88
15983.0,317,3,1138.37
15984.0,27,8,2050.71
15985.0,79,2,1142.42
15987.0,77,6,1193.63
15990.0,243,1,401.37
15994.0,11,1,414.27
15996.0,44,6,1032.58
15998.0,43,4,2503.96
16003.0,91,3,1793.9
16005.0,139,2,275.41
16006.0,167,1,101.4
16007.0,4,4,1693.81
16008.0,31,2,330.71
16009.0,116,1,441.59000000000003
16010.0,202,3,392.4
16011.0,28,13,2457.54
16012.0,85,2,1132.12
16013.0,1,42,31053.76
16014.0,108,2,514.38
16015.0,5,1,300.77
16016.0,35,5,899.99
16017.0,3,1,211.88
16018.0,136,1,161.9
16019.0,3,9,3786.24
16020.0,21,1,518.8
16022.0,216,1,602.63
16023.0,2,3,719.81
16027.0,48,6,934.62
16029.0,16,61,79786.94
16030.0,266,1,331.24
16031.0,48,2,547.9
16033.0,22,18,7185.36
16034.0,152,3,437.70000000000005
16036.0,43,2,758.9200000000001
16037.0,226,3,855.02
16038.0,133,2,393.33
16040.0,21,3,1313.55
16041.0,97,2,2739.8
16042.0,13,4,873.0
16043.0,167,3,676.49
16045.0,75,4,1340.7
16048.0,329,2,256.44
16049.0,31,1,484.11
16050.0,130,1,137.9
16052.0,10,1,362.06
16053.0,78,1,1124.19
16054.0,101,1,783.9
16055.0,177,1,134.8
16056.0,1,1,650.75
16057.0,52,6,1544.23
16059.0,22,6,1453.16
16062.0,89,3,778.14
16063.0,216,1,335.32
16065.0,321,1,367.14
16066.0,4,3,856.84
16071.0,1,1,326.24
16072.0,244,1,584.3199999999999
16073.0,253,1,122.4
16076.0,9,8,1887.5700000000002
16078.0,240,1,79.2
16080.0,38,2,217.16
16081.0,12,5,2799.42
16083.0,57,2,1317.62
16084.0,255,1,436.18
16085.0,14,4,739.98
16086.0,15,5,1121.39
16091.0,111,2,315.06
16092.0,71,3,817.86
16093.0,63,1,17.0
16094.0,175,1,252.1
16096.0,220,1,320.62
16097.0,196,1,185.04999999999998
16098.0,44,7,2005.63
16099.0,6,3,731.9
16101.0,27,1,1290.7
16102.0,55,2,1392.84
16103.0,36,5,1413.14
16104.0,18,1,298.21
16105.0,205,1,336.96
16106.0,22,1,108.38
16107.0,46,4,1810.72
16108.0,41,1,842.5
16109.0,175,2,611.88
16110.0,1,3,1320.95
16112.0,99,4,195.74
16113.0,139,1,161.38
16114.0,127,1,135.75000000000003
16115.0,28,6,1285.93
16116.0,168,1,612.78
16117.0,146,1,232.21
16119.0,29,1,309.48
16120.0,15,4,1309.14
16121.0,13,2,854.66
16122.0,29,4,684.42
16123.0,8,1,307.78000000000003
16124.0,273,1,249.0
16125.0,323,1,289.35
16126.0,58,3,3706.7
16128.0,33,3,1412.06
16131.0,8,6,3506.54
16133.0,9,27,12670.75
16134.0,315,1,283.53000000000003
16135.0,219,1,517.55
16136.0,16,3,709.38
16139.0,68,2,306.37
16140.0,22,2,725.1800000000001
16141.0,44,1,620.4
16142.0,206,1,535.34
16143.0,64,5,1949.3600000000001
16144.0,203,1,175.2
16145.0,30,9,2941.93
16146.0,113,3,734.13
16147.0,90,1,375.0
16148.0,252,1,76.32000000000001
16149.0,98,1,163.68
16150.0,45,4,1748.53
16152.0,225,1,1829.04
16153.0,6,5,1824.23
16156.0,6,7,2380.4300000000003
16157.0,29,1,168.32
16159.0,238,1,348.2
16160.0,21,2,1025.44
16161.0,15,15,4258.99
16162.0,208,1,37.4
16163.0,188,2,856.6
16168.0,13,20,2915.04
16169.0,32,1,587.46
16170.0,7,6,1885.05
16171.0,15,1,73.19999999999999
16172.0,51,5,1140.21
16173.0,1,4,1006.82
16174.0,82,3,1009.55
16175.0,50,4,1037.5900000000001
16177.0,6,1,331.95
16178.0,94,1,197.9
16179.0,17,1,215.83
16180.0,56,8,10254.18
16181.0,29,1,305.54
16182.0,28,4,6617.65
16183.0,23,1,338.71000000000004
16184.0,20,6,1158.79
16185.0,189,1,335.0
16186.0,2,11,3594.14
16187.0,8,14,6595.08
16188.0,1,4,981.86
16189.0,41,1,144.48
16191.0,8,10,4082.26
16193.0,193,1,314.45
16198.0,31,1,400.68100000000004
16200.0,120,1,550.57
16201.0,1,2,782.83
16202.0,317,1,365.27
16203.0,15,4,592.9
16205.0,24,2,431.75
16206.0,11,4,537.0600000000001
16208.0,1,2,664.26
16209.0,45,5,2262.62
16210.0,20,13,12135.62
16211.0,45,1,547.02
16212.0,239,1,498.15000000000003
16213.0,35,1,159.0
16214.0,127,3,1062.75
16215.0,37,1,242.35
16216.0,223,1,914.9300000000001
16217.0,191,2,304.25
16218.0,71,6,2635.48
16221.0,232,2,315.37
16222.0,274,1,773.55
16224.0,13,4,1295.3
16225.0,1,5,1096.32
16226.0,159,3,255.12
16227.0,181,1,314.22
16229.0,43,2,1010.6
16230.0,146,2,542.03
16232.0,99,3,725.04
16233.0,27,3,536.6800000000001
16235.0,37,4,675.29
16236.0,34,1,432.2
16239.0,13,2,414.2
16240.0,33,1,1824.79
16241.0,15,11,1888.46
16242.0,22,4,1669.33
16243.0,11,1,214.95
16244.0,168,2,1522.75
16245.0,78,2,769.7
16247.0,126,1,114.56
16248.0,18,1,152.94
16249.0,9,5,1800.07
16250.0,217,2,389.44
16253.0,23,2,3683.86
16255.0,52,7,2182.79
16256.0,223,1,752.4300000000001
16257.0,133,1,46.95
16258.0,1,5,5203.51
16260.0,7,1,1035.45
16261.0,31,3,544.14
16265.0,67,7,4062.02
16266.0,30,7,861.89
16268.0,27,2,667.65
16270.0,309,1,1141.24
16271.0,82,3,868.4300000000001
16272.0,73,1,411.7
16274.0,329,1,351.75
16275.0,152,1,559.87
16276.0,133,1,810.6
16278.0,56,1,566.38
16279.0,43,2,724.1800000000001
16281.0,28,1,2062.06
16282.0,296,1,168.3
16283.0,24,4,1330.14
16284.0,6,1,390.25
16287.0,126,1,142.5
16292.0,78,1,302.25
16293.0,5,9,1906.16
16295.0,14,2,692.3
16297.0,225,1,301.9
16298.0,8,2,353.54
16302.0,83,1,233.22
16303.0,72,2,4036.33
16305.0,95,1,361.22
16306.0,170,6,632.27
16308.0,64,3,1600.0
16309.0,62,2,706.57
16311.0,5,1,401.55
16313.0,6,1,167.62
16315.0,287,1,226.37
16316.0,20,8,2938.91
16317.0,75,3,1341.65
16319.0,174,1,404.40000000000003
16320.0,128,2,1038.46
16321.0,28,5,373.65000000000003
16323.0,152,1,207.50000000000003
16324.0,84,3,408.59000000000003
16325.0,3,3,594.24
16326.0,4,11,2289.54
16327.0,36,5,3172.39
16330.0,68,2,48.96
16332.0,17,5,1247.82
16333.0,22,19,19352.6
16338.0,113,1,214.8
16339.0,240,1,94.05
16340.0,63,1,534.31
16341.0,42,2,1531.89
16342.0,31,4,322.41
16344.0,114,1,101.10000000000001
16348.0,34,5,1013.69
16349.0,246,1,53.5
16350.0,21,3,1001.87
16351.0,289,1,153.9
16353.0,2,17,4205.61
16354.0,19,2,395.8
16356.0,154,3,211.77
16357.0,118,2,257.95
16358.0,20,3,1594.3400000000001
16359.0,21,8,1640.19
16360.0,23,3,1448.02
16361.0,27,1,334.94
16362.0,15,4,494.9
16363.0,9,1,109.36000000000001
16364.0,93,1,346.3
16365.0,79,7,862.56
16367.0,319,1,167.09
16369.0,37,2,843.44
16370.0,38,4,1301.91
16374.0,22,2,466.73
16377.0,223,1,676.2
16378.0,203,3,362.95
16379.0,35,1,478.88
16380.0,17,1,1743.1499999999999
16383.0,30,2,643.76
16384.0,46,2,584.5
16385.0,16,3,554.86
16386.0,210,1,61.10000000000001
16387.0,279,1,94.36
16389.0,9,4,1382.0700000000002
16392.0,226,1,217.89000000000001
16393.0,8,10,2114.38
16394.0,13,5,1555.34
16395.0,16,5,1482.06
16398.0,110,2,1705.8
16399.0,191,1,178.41
16400.0,51,1,303.93
16401.0,1,9,3079.96
16402.0,221,2,293.45
16403.0,268,1,177.5
16404.0,26,1,443.05
16405.0,258,2,167.25
16407.0,30,9,1747.51
16409.0,43,4,1414.13
16411.0,325,1,128.55
16412.0,10,1,135.99
16413.0,13,1,262.2
16414.0,236,1,50.8
16416.0,12,1,333.89
16418.0,1,3,515.74
16419.0,69,6,958.71
16422.0,8,46,32179.56
16424.0,147,1,133.56
16425.0,258,1,302.7
16426.0,3,5,928.08
16427.0,219,2,241.06
16429.0,62,1,284.55
16430.0,13,1,300.85
16431.0,169,3,623.28
16432.0,20,1,287.40000000000003
16434.0,4,5,1095.77
16438.0,38,1,204.4
16440.0,8,3,1808.83
16441.0,23,2,381.2
16442.0,184,2,432.43
16444.0,2,4,654.67
16446.0,162,1,2.9
16447.0,91,1,255.91
16448.0,154,1,182.99
16449.0,154,2,707.69
16450.0,106,1,311.92
16451.0,44,1,266.97
16454.0,1,2,6.9
16455.0,20,7,1841.18
16456.0,55,5,2158.18
16457.0,174,1,208.36
16458.0,9,14,2668.96
16460.0,29,2,508.61
16461.0,134,1,142.92
16462.0,30,3,136.0
16463.0,8,3,1119.39
16464.0,36,2,983.33
16466.0,10,6,1354.1000000000001
16468.0,30,1,74.9
16469.0,43,3,447.49
16470.0,8,4,752.77
16471.0,231,1,223.95000000000002
16473.0,121,3,316.11
16474.0,7,5,1337.64
16475.0,44,4,544.3
16477.0,20,7,2494.46
16478.0,21,2,235.9
16480.0,32,1,769.29
16483.0,148,1,139.35
16484.0,130,2,404.3
16485.0,33,1,363.65
16488.0,71,2,354.57
16491.0,3,1,731.5
16493.0,36,4,1351.63
16494.0,252,1,826.53
16495.0,232,2,246.51
16496.0,164,2,1185.04
16497.0,6,6,2965.69
16498.0,117,2,100.97
16499.0,316,2,365.45
16500.0,287,1,165.0
16503.0,63,4,1431.93
16509.0,253,1,363.70000000000005
16510.0,328,1,248.1
16511.0,101,2,565.7
16515.0,8,5,1624.14
16517.0,233,1,162.70000000000002
16518.0,17,2,484.32
16519.0,321,1,103.7
16520.0,142,3,1046.57
16523.0,14,17,7113.51
16525.0,36,23,11501.15
16526.0,128,1,290.36
16527.0,37,1,228.06
16529.0,146,1,455.25
16531.0,30,5,889.43
16532.0,92,2,4516.8
16533.0,10,2,975.11
16536.0,66,1,548.12
16539.0,176,3,1053.61
16542.0,10,1,119.62
16545.0,121,1,339.3
16546.0,247,2,787.15
16549.0,1,5,2025.35
16550.0,65,5,2298.97
16551.0,52,3,922.12
16552.0,199,2,379.73
16553.0,119,12,5719.82
16554.0,178,2,314.11
16555.0,66,1,151.98000000000002
16556.0,23,7,3313.79
16557.0,93,1,101.15
16558.0,5,17,6586.46
16560.0,314,1,332.18
16561.0,16,1,264.96
16563.0,10,1,1077.74
16565.0,320,1,173.7
16566.0,13,4,502.28000000000003
16567.0,150,2,865.6
16570.0,13,8,2875.5
16571.0,132,2,896.79
16572.0,83,3,1009.6
16573.0,41,2,663.61
16574.0,27,1,451.44
16581.0,139,1,105.84
16582.0,69,1,313.62
16583.0,330,1,233.45
16584.0,36,2,936.08
16586.0,205,1,463.95
16587.0,188,1,225.15
16589.0,27,3,459.24
16591.0,25,1,213.5
16592.0,6,12,2443.49
16593.0,6,3,330.03
16594.0,31,1,181.09
16595.0,17,1,360.16
16596.0,322,1,120.65
16598.0,242,1,145.05
16600.0,30,3,353.2
16603.0,31,2,482.47
16607.0,15,12,2750.49
16609.0,44,6,4029.82
16610.0,175,1,75.66
16611.0,142,1,129.49
16612.0,75,3,870.3000000000001
16613.0,26,1,618.59
16614.0,139,1,506.19
16616.0,113,1,210.10000000000002
16617.0,192,1,151.85
16618.0,167,4,1441.29
16619.0,220,1,226.21
16620.0,217,1,95.75999999999999
16621.0,8,4,813.48
16623.0,202,1,129.45000000000002
16624.0,37,2,810.57
16625.0,230,1,333.08
16626.0,25,10,2852.64
16627.0,35,1,322.8
16628.0,63,4,1619.8400000000001
16629.0,30,2,408.63
16633.0,34,4,1509.0
16634.0,179,2,217.9
16637.0,17,3,862.9300000000001
16638.0,55,9,1550.94
16639.0,163,2,471.15000000000003
16641.0,61,1,231.1
16642.0,164,1,307.73
16643.0,202,1,487.51
16644.0,134,2,833.78
16647.0,126,2,214.06
16650.0,28,1,518.42
16652.0,15,7,6773.97
16653.0,27,1,1117.86
16654.0,97,4,601.27
16655.0,31,4,2906.2000000000003
16656.0,36,12,7470.26
16657.0,105,2,414.79
16658.0,324,1,123.24
16659.0,145,1,39.12
16660.0,167,2,384.36
16665.0,318,1,135.4
16667.0,24,2,567.1800000000001
16668.0,73,5,266.52
16669.0,34,2,725.34
16670.0,13,9,3581.75
16671.0,121,1,1382.88
16672.0,29,18,7327.34
16674.0,11,2,304.24
16676.0,169,3,1098.5
16678.0,55,8,2137.3
16679.0,322,1,129.75
16681.0,29,6,1770.3400000000001
16682.0,13,4,917.14
16684.0,8,23,53064.4
16685.0,17,2,324.24
16686.0,3,7,2959.88
16688.0,17,1,183.75
16689.0,32,2,422.6
16690.0,28,2,225.58
16692.0,212,2,1276.0
16693.0,25,2,477.86
16696.0,91,4,657.9
16697.0,197,1,112.75
16698.0,183,2,1998.0
16700.0,37,11,4423.62
16701.0,1,12,4899.86
16705.0,6,14,10606.75
16706.0,54,2,411.55
16708.0,2,1,656.63
16709.0,41,5,3029.87
16710.0,30,8,2084.78
16711.0,96,3,909.87
16712.0,51,8,2489.81
16713.0,23,13,5290.76
16714.0,175,3,1129.06
16715.0,34,1,301.71999999999997
16716.0,223,2,901.2
16717.0,52,4,1559.66
16718.0,325,1,606.0500000000001
16719.0,31,6,1483.75
16721.0,218,1,292.47
16722.0,7,12,4421.45
16723.0,47,2,576.4
16725.0,258,7,758.27
16726.0,152,4,777.16
16727.0,320,1,256.32
16728.0,2,4,1048.28
16729.0,9,20,6645.1
16730.0,8,3,743.11
16734.0,8,3,646.76
16735.0,35,5,2247.41
16737.0,9,1,417.6
16738.0,254,1,3.75
16739.0,133,1,323.0
16742.0,3,1,464.9
16743.0,69,6,1860.9
16744.0,4,5,895.88
16745.0,43,17,7180.7
16746.0,31,14,5304.3
16747.0,24,1,480.2
16748.0,174,3,910.2
16750.0,29,4,509.19
16752.0,329,1,207.5
16753.0,14,1,223.92000000000002
16754.0,328,1,2002.4
16755.0,70,3,1475.43
16756.0,171,1,239.4
16757.0,275,1,106.83000000000001
16758.0,21,1,369.34000000000003
16761.0,53,1,316.62
16762.0,2,2,887.6
16763.0,155,1,611.8499999999999
16764.0,20,7,1321.93
16765.0,250,1,34.0
16766.0,229,2,1145.6
16767.0,50,7,4820.46
16768.0,4,3,478.09000000000003
16769.0,216,1,361.54
16770.0,14,5,757.1
16771.0,31,4,2098.31
16773.0,13,1,171.59
16774.0,23,4,661.52
16775.0,13,10,1562.36
16776.0,16,1,371.54
16777.0,36,2,222.62
16778.0,30,2,245.94
16779.0,27,16,7268.28
16780.0,56,2,422.24
16781.0,328,1,311.25
16782.0,34,10,1792.3500000000001
16788.0,79,2,594.39
16791.0,16,6,1226.42
16792.0,238,2,110.38
16793.0,13,1,243.84
16794.0,3,6,807.73
16795.0,321,1,414.88
16796.0,45,1,305.62
16801.0,119,4,1594.23
16803.0,21,1,332.3
16804.0,226,1,118.05
16805.0,130,2,460.59000000000003
16806.0,59,4,762.16
16807.0,99,3,1121.59
16808.0,55,2,288.42
16809.0,17,4,620.37
16810.0,148,1,309.54
16812.0,317,1,479.35
16813.0,6,9,1503.64
16814.0,3,19,5934.96
16816.0,59,4,417.06
16817.0,142,7,1179.43
16818.0,27,10,3221.81
16820.0,52,1,497.61
16823.0,183,1,358.38
16824.0,120,1,222.9
16825.0,142,1,318.7
16826.0,7,1,341.7
16828.0,49,2,128.5
16829.0,113,1,197.22
16832.0,140,3,199.15
16833.0,216,3,671.2900000000001
16834.0,184,1,413.46
16835.0,84,2,180.85
16836.0,73,1,91.32000000000001
16837.0,16,10,2649.44
16838.0,153,2,588.85
16839.0,12,27,13330.880000000001
16841.0,93,5,1561.06
16842.0,57,3,1264.19
16843.0,21,15,9818.92
16846.0,6,1,214.32
16848.0,9,1,281.42
16849.0,143,1,124.57
16850.0,290,1,332.41
16851.0,8,1,111.09
16852.0,132,1,113.06
16858.0,325,1,375.69000000000005
16859.0,101,2,747.81
16861.0,16,2,173.76
16863.0,323,1,164.25
16866.0,97,3,207.74
16869.0,8,3,684.1
16871.0,45,5,2367.26
16872.0,33,3,680.02
16873.0,18,5,5268.79
16875.0,23,5,2095.53
16877.0,108,2,188.98
16878.0,40,1,13.3
16880.0,56,6,1093.1200000000001
16881.0,23,1,432.0
16882.0,23,3,705.12
16883.0,143,2,272.48
16885.0,7,2,299.6
16889.0,151,3,1578.67
16891.0,52,3,515.79
16892.0,140,1,102.97999999999999
16893.0,323,1,145.93
16895.0,21,1,202.27
16897.0,255,2,289.78
16898.0,133,2,313.77
16899.0,46,4,587.73
16900.0,19,1,752.68
16902.0,72,1,1706.88
16904.0,51,14,2948.55
16905.0,3,4,1994.91
16906.0,38,4,559.59
16907.0,104,4,658.99
16909.0,28,1,379.14
16910.0,8,6,1159.67
16912.0,24,10,2399.15
16913.0,246,1,113.44
16915.0,83,4,382.39000000000004
16916.0,328,1,196.43
16917.0,233,1,391.52
16918.0,5,6,1068.82
16919.0,112,11,2592.25
16921.0,17,1,154.18
16923.0,25,15,5413.55
16924.0,21,2,523.65
16926.0,327,1,230.25
16927.0,72,3,543.05
16928.0,36,17,2814.7
16929.0,28,3,539.72
16930.0,24,2,205.45000000000002
16931.0,3,18,3649.98
16932.0,9,1,150.23000000000002
16933.0,195,1,224.73
16934.0,10,2,931.03
16938.0,136,3,2386.05
16940.0,8,3,3049.88
16942.0,92,7,1439.44
16943.0,168,3,816.73
16945.0,14,16,3633.56
16947.0,192,1,406.48
16948.0,94,3,435.02
16949.0,142,4,893.75
16950.0,13,3,1178.56
16951.0,91,3,1277.75
16952.0,65,2,167.61
16954.0,16,5,1470.56
16955.0,141,4,518.67
16957.0,195,2,416.64
16959.0,43,1,117.35000000000001
16960.0,17,2,358.09000000000003
16961.0,72,1,234.17000000000002
16963.0,143,1,110.55000000000001
16965.0,183,1,201.19
16966.0,1,5,1489.81
16967.0,145,1,319.02
16968.0,64,1,253.31
16969.0,90,2,478.96
16976.0,223,1,251.51999999999998
16978.0,33,1,344.33
16979.0,8,3,899.59
16980.0,211,2,1028.46
16982.0,17,1,384.06
16983.0,53,5,1185.35
16984.0,44,2,4459.52
16985.0,44,8,4080.44
16987.0,10,5,1011.47
16989.0,19,4,1027.65
16990.0,175,1,179.0
16992.0,55,3,972.35
16996.0,77,5,1041.78
16997.0,244,3,702.0
16998.0,106,4,295.0
16999.0,30,1,245.82999999999998
17001.0,2,9,3224.29
17002.0,41,3,1493.73
17004.0,2,2,1312.1399999999999
17006.0,32,1,280.76
17007.0,7,6,889.9300000000001
17014.0,23,1,188.05
17015.0,27,2,1566.03
17017.0,29,15,6246.32
17018.0,282,1,405.0
17019.0,218,3,995.93
17024.0,1,3,95.85
17025.0,17,3,357.77
17026.0,141,2,154.83
17027.0,35,6,877.5600000000001
17029.0,67,2,716.0
17030.0,20,1,146.87
17031.0,111,1,225.95
17033.0,42,3,1030.14
17034.0,36,2,364.88
17035.0,202,2,433.53000000000003
17037.0,43,1,1267.32
17040.0,94,1,449.73
17041.0,65,2,750.89
17042.0,77,4,915.02
17043.0,8,3,1093.82
17045.0,69,3,339.44
17046.0,113,1,642.02
17047.0,41,3,1100.9
17048.0,74,3,925.35
17049.0,9,7,4520.85
17050.0,52,6,3185.64
17051.0,150,1,240.89
17053.0,87,1,498.48
17054.0,94,4,1207.32
17058.0,38,3,1179.89
17059.0,66,4,2237.1
17060.0,222,1,234.24
17061.0,30,11,5232.2300000000005
17062.0,270,4,533.33
17063.0,14,6,1094.97
17064.0,15,3,855.45
17068.0,6,19,4242.36
17069.0,34,7,2058.91
17070.0,70,1,304.24
17071.0,16,8,1996.8700000000001
17073.0,9,3,1166.72
17075.0,209,3,696.07
17076.0,230,2,334.2
17079.0,34,1,118.80000000000001
17080.0,226,1,76.32000000000001
17081.0,2,1,111.9
17082.0,274,1,636.94
17083.0,65,3,1405.78
17085.0,79,5,1562.4
17086.0,5,2,641.88
17088.0,29,3,1751.73
17090.0,8,6,1750.6100000000001
17091.0,54,7,2692.0
17092.0,6,4,1774.03
17094.0,278,1,302.0
17095.0,255,2,543.96
17096.0,14,3,707.55
17097.0,56,6,639.53
17101.0,8,2,899.73
17102.0,218,1,25.5
17105.0,115,2,665.78
17107.0,31,4,8498.82
17109.0,188,2,464.59000000000003
17110.0,121,1,163.29999999999998
17111.0,3,1,231.61
17114.0,95,6,601.9399999999999
17115.0,139,2,612.82
17117.0,244,1,116.2
17118.0,274,1,157.02
17119.0,16,1,547.25
17120.0,189,1,307.46
17122.0,75,1,138.32
17123.0,118,1,345.3
17124.0,141,1,294.24
17125.0,6,1,230.5
17126.0,108,5,989.45
17128.0,291,1,157.09
17131.0,3,3,1282.44
17133.0,43,4,4137.6900000000005
17134.0,63,2,413.2
17135.0,9,3,705.61
17138.0,232,1,380.5
17139.0,20,10,9542.65
17140.0,203,1,454.12
17142.0,195,1,579.0
17144.0,40,1,595.89
17146.0,61,3,749.78
17147.0,37,3,1349.3
17148.0,8,1,124.88
17152.0,151,3,1689.5
17154.0,31,1,329.34
17155.0,134,1,143.3
17157.0,132,1,161.46
17158.0,189,2,698.5500000000001
17159.0,31,2,926.67
17160.0,65,5,3001.18
17162.0,87,9,1463.66
17163.0,34,1,123.10000000000001
17164.0,36,4,2016.26
17165.0,240,1,158.68
17166.0,160,1,127.59
17169.0,14,2,835.78
17171.0,245,1,224.91
17172.0,35,1,317.76
17173.0,14,4,1643.22
17174.0,174,1,59.9
17175.0,97,3,1132.63
17176.0,157,1,306.13
17179.0,134,3,711.79
17180.0,12,4,783.97
17181.0,13,2,239.92000000000002
17183.0,10,2,1069.04
17186.0,3,2,144.0
17187.0,183,1,203.95
17188.0,120,5,1815.09
17189.0,62,2,383.75
17190.0,15,2,444.74
17191.0,51,6,1561.51
17193.0,2,6,1682.76
17194.0,230,2,262.62
17198.0,321,2,521.66
17201.0,10,1,289.78000000000003
17203.0,9,3,2563.24
17204.0,131,4,1564.56
17205.0,9,1,384.08
17206.0,9,1,204.24
17211.0,4,7,1884.22
17212.0,209,1,226.85
17213.0,97,5,1780.01
17214.0,16,6,1059.1200000000001
17217.0,190,1,113.5
17218.0,27,7,1355.6
17220.0,2,12,2893.77
17222.0,21,1,328.65
17223.0,266,2,416.89
17226.0,265,1,393.49
17227.0,17,5,720.3100000000001
17228.0,20,6,1488.56
17229.0,52,2,318.76
17230.0,220,8,3638.41
17231.0,20,8,2286.89
17234.0,139,1,149.89
17235.0,328,1,341.90000000000003
17236.0,135,5,697.73
17238.0,7,13,2490.81
17239.0,269,1,382.5
17242.0,64,2,1135.04
17243.0,7,18,4995.27
17244.0,9,1,954.9
17245.0,161,1,171.45000000000002
17248.0,76,1,318.65
17250.0,217,1,162.65
17251.0,319,1,269.83
17252.0,73,2,348.90999999999997
17255.0,255,1,108.25999999999999
17256.0,63,2,240.0
17259.0,104,2,581.23
17262.0,8,5,1253.3600000000001
17263.0,164,1,63.440000000000005
17265.0,95,2,550.01
17266.0,104,1,113.06
17267.0,83,2,317.2
17268.0,64,4,763.64
17272.0,2,3,2107.83
17277.0,183,2,1065.3500000000001
17278.0,197,1,246.04000000000002
17279.0,14,1,187.82999999999998
17282.0,86,3,1685.46
17284.0,16,6,1647.48
17287.0,30,6,880.3
17288.0,163,5,663.7
17289.0,136,1,164.45
17291.0,264,1,550.8000000000001
17293.0,14,7,1353.68
17295.0,21,1,279.36
17298.0,57,2,498.42
17299.0,45,3,565.55
17302.0,79,3,661.61
17303.0,317,1,250.04
17306.0,27,16,7206.24
17309.0,51,1,82.75
17311.0,34,2,1384.85
17312.0,95,3,644.3
17314.0,14,6,2177.55
17315.0,2,34,5348.68
17317.0,2,3,2600.34
17320.0,56,3,1200.6200000000001
17321.0,24,1,615.91
17323.0,18,5,689.77
17324.0,288,2,702.23
17325.0,236,1,96.8
17329.0,271,1,243.36
17330.0,24,1,264.9
17331.0,80,1,175.2
17333.0,42,1,494.25
17334.0,258,2,307.02000000000004
17337.0,107,4,1981.06
17338.0,70,7,5163.92
17339.0,50,2,243.36
17340.0,36,10,8459.5
17341.0,113,3,682.29
17343.0,311,1,193.64
17344.0,2,1,157.62
17345.0,49,3,281.18
17346.0,7,11,1934.23
17347.0,42,1,228.96
17348.0,28,2,660.61
17349.0,135,1,98.25
17350.0,2,2,886.34
17351.0,125,2,427.3
17353.0,85,2,1740.0
17354.0,7,1,1393.06
17356.0,268,1,178.22
17358.0,259,2,360.81
17360.0,140,1,320.9
17361.0,5,3,488.2
17362.0,195,2,312.23
17364.0,93,6,2617.41
17365.0,7,7,4340.99
17367.0,194,1,167.55
17368.0,49,6,1605.07
17370.0,29,4,446.18
17371.0,317,1,92.14
17372.0,16,7,1212.24
17373.0,27,3,433.52
17374.0,175,2,495.77
17375.0,155,3,400.1
17376.0,27,2,203.2
17377.0,4,15,3150.86
17381.0,23,27,19372.01
17382.0,21,1,65.4
17384.0,175,1,227.64999999999998
17386.0,55,5,1697.3400000000001
17388.0,34,4,1259.56
17389.0,30,26,13595.539999999999
17391.0,120,2,508.8
17392.0,262,2,417.27
17394.0,175,1,203.86999999999998
17396.0,23,7,6835.8
17398.0,71,3,653.38
17400.0,82,5,2097.84
17402.0,6,11,2034.1499999999999
17404.0,10,13,30430.34
17405.0,29,2,883.01
17406.0,289,3,2184.42
17408.0,119,1,32.65
17409.0,141,2,771.85
17410.0,14,3,868.7
17411.0,32,2,569.44
17412.0,16,5,870.22
17414.0,141,1,598.0
17415.0,35,1,507.84
17416.0,34,6,5878.81
17418.0,280,1,167.39000000000001
17419.0,21,9,3125.55
17420.0,6,3,598.83
17422.0,49,5,1698.97
17423.0,2,2,698.41
17425.0,17,1,688.97
17426.0,47,4,4280.59
17427.0,28,1,100.8
17428.0,1,24,15924.27
17429.0,84,3,524.9200000000001
17430.0,321,1,112.6
17431.0,269,1,403.3
17433.0,44,1,303.16
17434.0,7,2,827.49
17436.0,183,1,122.4
17438.0,210,1,388.45000000000005
17440.0,113,3,186.42000000000002
17442.0,50,5,1921.69
17443.0,176,1,534.24
17444.0,104,3,2940.04
17446.0,133,2,120.89999999999999
17447.0,28,1,372.48
17449.0,1,6,2095.17
17450.0,2,34,162919.7
17451.0,12,4,1050.25
17453.0,20,1,342.0
17454.0,148,4,517.53
17455.0,160,1,131.7
17456.0,321,1,249.86
17457.0,82,5,1737.7
17459.0,16,1,300.39
17460.0,50,6,622.4300000000001
17462.0,16,2,675.69
17463.0,5,4,1677.55
17464.0,114,1,289.96000000000004
17466.0,35,1,460.41
17469.0,29,4,1492.07
17470.0,83,4,816.47
17472.0,147,3,697.54
17475.0,35,1,194.37
17480.0,34,1,511.82
17481.0,50,1,260.63
17483.0,21,3,414.04
17486.0,217,1,396.87
17489.0,15,2,376.64
17490.0,20,4,1321.22
17491.0,30,7,2423.62
17492.0,204,1,374.57
17496.0,315,1,271.05
17498.0,32,1,272.21999999999997
17499.0,246,1,622.88
17501.0,177,2,288.6
17504.0,162,9,2997.03
17505.0,117,2,1145.8400000000001
17506.0,32,1,302.2
17507.0,218,2,605.58
17508.0,237,1,387.31
17509.0,14,8,6083.64
17511.0,1,26,70160.84
17512.0,7,9,2473.31
17513.0,28,1,513.2
17514.0,84,1,208.65
17515.0,162,3,571.37
17516.0,75,4,605.65
17517.0,265,1,153.94
17519.0,90,5,1488.0
17520.0,10,1,546.81
17521.0,21,2,497.75
17522.0,95,4,912.25
17524.0,317,1,145.0
17525.0,316,1,422.7
17526.0,247,3,872.8
17527.0,10,4,939.37
17528.0,6,4,2121.78
17530.0,41,7,1760.81
17531.0,146,1,296.7
17534.0,9,1,223.36
17535.0,236,1,164.4
17536.0,133,1,76.5
17537.0,259,1,620.75
17540.0,272,1,268.8
17542.0,226,1,170.75
17548.0,190,1,103.3
17549.0,8,1,28.2
17550.0,153,3,267.16
17551.0,315,1,290.34
17552.0,16,4,930.41
17553.0,86,1,1487.6
17554.0,15,3,1460.03
17555.0,291,1,195.45
17556.0,162,1,157.9
17557.0,37,1,288.36
17560.0,51,4,854.95
17562.0,7,6,956.6800000000001
17564.0,36,1,119.12
17567.0,13,7,3913.48
17569.0,288,1,344.14
17571.0,6,4,1425.67
17572.0,27,4,226.75000000000003
17573.0,41,2,182.21
17574.0,199,1,185.65
17576.0,8,17,3046.55
17578.0,174,1,143.45999999999998
17579.0,94,2,270.86
17580.0,208,3,215.72
17581.0,35,19,8358.27
17582.0,192,1,175.27
17584.0,83,1,749.45
17585.0,65,4,1116.68
17588.0,56,3,1240.2
17589.0,16,4,2404.17
17591.0,29,7,2203.67
17593.0,48,4,3245.66
17594.0,41,2,993.1800000000001
17596.0,1,6,2511.52
17597.0,170,1,2044.3700000000001
17601.0,195,1,116.00999999999999
17602.0,41,3,2134.19
17603.0,34,1,394.72
17604.0,173,2,309.36
17609.0,29,3,744.6
17611.0,29,10,2993.62
17612.0,9,6,2048.45
17613.0,37,10,3766.53
17614.0,13,1,386.32
17615.0,86,3,329.6
17616.0,130,3,571.1999999999999
17618.0,204,2,625.48
17619.0,268,1,214.37
17620.0,16,1,81.44
17621.0,268,2,901.7800000000001
17624.0,174,1,400.3
17625.0,8,3,1609.05
17628.0,37,1,75.75
17629.0,23,6,1392.17
17630.0,126,2,503.6
17631.0,93,2,416.5
17633.0,28,3,1004.5
17634.0,4,8,2224.93
17637.0,71,1,338.95
17639.0,232,1,108.5
17640.0,43,1,621.66
17642.0,76,2,712.29
17643.0,329,1,101.55
17644.0,34,8,2132.67
17646.0,175,3,1008.39
17647.0,21,1,133.06
17648.0,17,4,1797.5
17649.0,94,1,868.49
17651.0,7,7,3049.36
17652.0,16,9,4064.8900000000003
17653.0,56,2,343.34
17654.0,233,1,117.55
17655.0,73,5,1903.33
17656.0,29,5,1674.69
17658.0,167,1,317.6
17659.0,15,10,1961.89
17660.0,97,1,178.75
17663.0,40,5,1287.81
17664.0,168,1,326.19
17666.0,22,1,409.08
17667.0,22,5,2055.51
17669.0,41,6,3194.72
17670.0,184,1,205.7
17671.0,114,3,1098.55
17672.0,6,2,3178.17
17673.0,23,5,1482.5
17674.0,30,2,551.04
17675.0,26,25,15125.17
17676.0,14,5,1023.58
17677.0,13,24,13919.960000000001
17678.0,220,1,298.11
17679.0,9,2,1992.1100000000001
17682.0,71,5,1899.3500000000001
17685.0,45,6,2763.43
17686.0,37,6,5110.09
17690.0,2,13,3953.17
17691.0,314,2,290.40000000000003
17692.0,83,4,740.94
17693.0,93,1,200.47
17694.0,98,1,283.12
17695.0,88,2,765.34
17696.0,64,7,1915.5900000000001
17697.0,192,1,338.95
17698.0,217,1,154.95
17700.0,51,3,1681.83
17701.0,209,1,417.95
17702.0,65,3,1338.77
17703.0,65,2,490.96
17704.0,125,2,885.19
17705.0,31,7,1191.92
17706.0,17,14,9464.23
17707.0,141,2,152.4
17708.0,144,2,263.33
17709.0,126,1,137.45
17711.0,246,1,220.53000000000003
17712.0,1,1,522.91
17714.0,277,1,153.0
17715.0,157,1,326.4
17716.0,32,9,5002.31
17718.0,188,1,139.35
17719.0,32,14,5088.9
17720.0,69,3,887.6
17722.0,52,4,2424.04
17723.0,83,6,3276.4000000000005
17724.0,27,3,1033.0
17725.0,27,9,2841.08
17728.0,22,2,2288.16
17730.0,9,10,3893.4100000000003
17731.0,35,4,1240.11
17732.0,329,1,303.97
17733.0,218,1,216.95000000000002
17734.0,10,3,700.63
17735.0,21,17,11653.710000000001
17736.0,69,1,307.49
17737.0,14,1,87.39
17738.0,105,3,1571.49
17739.0,22,5,2047.58
17742.0,69,2,355.11
17744.0,206,4,1288.96
17746.0,196,1,110.25
17747.0,69,1,71.4
17749.0,134,2,674.52
17750.0,12,7,1476.17
17752.0,315,1,80.64
17754.0,21,3,949.56
17757.0,9,23,3949.12
17758.0,8,6,2724.4900000000002
17759.0,125,2,167.15
17760.0,329,1,172.54
17763.0,219,1,15.0
17764.0,7,2,772.55
17765.0,114,3,367.63
17768.0,122,1,385.83000000000004
17769.0,11,6,2632.64
17770.0,155,5,1143.27
17771.0,13,2,245.81
17774.0,52,4,1213.73
17775.0,211,1,56.4
17777.0,56,1,189.8
17779.0,44,2,481.26
17781.0,115,2,188.02
17783.0,28,2,283.47
17785.0,9,1,131.94
17786.0,41,2,266.85
17787.0,109,4,1817.54
17788.0,30,2,1117.9
17789.0,237,1,225.9
17790.0,17,13,1690.79
17795.0,136,2,342.83
17796.0,269,3,614.1
17797.0,139,1,272.41
17799.0,55,9,2514.99
17800.0,5,8,1059.91
17802.0,38,3,1285.04
17805.0,30,1,512.31
17809.0,12,10,4975.51
17811.0,3,31,6024.75
17812.0,324,1,193.29999999999998
17813.0,13,3,1283.48
17816.0,21,3,30.32
17817.0,233,2,269.7
17819.0,28,7,3704.87
17824.0,7,1,298.4
17827.0,198,4,1580.47
17828.0,66,3,1076.66
17829.0,254,1,889.24
17830.0,218,2,287.65000000000003
17832.0,6,1,155.37
17836.0,3,1,110.21000000000001
17837.0,12,7,1078.9
17838.0,45,4,2267.4
17841.0,3,100,29700.39
17843.0,259,1,205.48
17844.0,63,1,51.559999999999995
17846.0,41,1,2033.1
17848.0,37,9,901.2
17849.0,174,4,605.8000000000001
17850.0,328,34,5391.21
17854.0,141,2,311.26
17855.0,329,1,208.97
17856.0,189,3,1142.63
17857.0,1,16,18479.52
17858.0,10,11,4376.94
17859.0,261,1,141.92
17860.0,324,1,226.45000000000002
17861.0,92,5,1299.49
17862.0,280,1,330.9
17863.0,15,6,3160.0
17864.0,45,2,438.07
17865.0,1,19,9395.58
17866.0,99,1,329.65000000000003
17867.0,99,4,957.48
17869.0,63,5,428.18
17870.0,2,9,1105.71
17871.0,161,1,155.9
17873.0,36,5,1848.96
17874.0,141,6,683.46
17877.0,126,1,237.61
17879.0,130,1,178.52
17880.0,321,1,458.92
17881.0,260,1,133.35
17883.0,42,2,197.8
17884.0,268,3,590.54
17886.0,167,2,377.71000000000004
17887.0,85,1,111.35
17888.0,16,6,606.5
17889.0,168,2,201.37
17890.0,279,2,586.89
17891.0,118,1,203.85999999999999
17892.0,12,3,244.1
17893.0,181,1,107.21
17894.0,28,8,1118.96
17897.0,129,3,541.81
17898.0,41,2,152.06
17899.0,115,1,154.55
17900.0,146,2,112.19999999999999
17905.0,27,4,798.99
17906.0,203,1,72.9
17908.0,330,1,232.03
17912.0,266,5,310.06
17913.0,15,2,408.65
17917.0,1,3,335.03
17919.0,44,1,1304.04
17920.0,9,11,2807.68
17921.0,20,4,820.23
17923.0,238,1,207.50000000000003
17924.0,24,3,2076.7200000000003
17925.0,329,1,244.08
17926.0,89,2,397.29
17928.0,1,2,212.54
17929.0,69,3,707.0
17930.0,20,4,1313.64
17931.0,90,2,408.36
17932.0,130,2,934.51
17934.0,8,2,704.25
17935.0,94,2,145.79
17937.0,71,5,3614.52
17939.0,116,1,99.14
17940.0,5,10,4020.04
17941.0,87,1,304.56
17946.0,189,2,149.57999999999998
17948.0,103,1,358.56000000000006
17949.0,13,38,53481.52
17950.0,28,3,482.2
17951.0,314,2,409.50000000000006
17954.0,24,11,2034.76
17955.0,155,4,557.3
17956.0,205,1,12.75
17957.0,22,1,111.68
17958.0,73,1,508.46000000000004
17960.0,127,1,73.78
17961.0,27,36,1269.89
17962.0,98,1,102.41
17964.0,328,1,261.76
17965.0,16,13,2296.12
17966.0,107,4,594.43
17967.0,328,1,112.27
17968.0,330,1,265.1
17969.0,122,2,228.2
17970.0,167,1,562.79
17972.0,198,1,135.19
17973.0,8,1,337.04
17974.0,176,1,164.07
17975.0,20,12,4235.64
17976.0,328,1,321.79
17978.0,321,1,300.91999999999996
17979.0,125,3,494.54
17980.0,122,3,811.45
17984.0,101,1,152.68
17986.0,12,1,20.8
17987.0,141,1,198.57
17988.0,73,5,146.0
17990.0,193,3,630.84
17991.0,181,2,93.35
17994.0,78,4,674.89
17995.0,238,1,76.1
17997.0,30,8,1962.46
17999.0,322,1,190.34
18001.0,43,1,250.13
18004.0,318,1,157.92
18005.0,3,1,132.07
18008.0,26,9,2116.19
18009.0,191,1,247.39
18010.0,213,1,174.8
18011.0,329,1,102.78999999999999
18013.0,111,2,187.29
18016.0,30,4,1107.41
18017.0,37,3,523.0
18018.0,64,2,122.14
18019.0,8,1,38.45
18024.0,108,2,389.78
18027.0,55,1,115.31
18032.0,290,1,73.5
18033.0,21,1,93.82000000000001
18036.0,61,2,253.69
18037.0,110,6,70.02
18040.0,202,1,239.00000000000003
18041.0,27,18,3489.0299999999997
18042.0,10,1,165.04999999999998
18043.0,162,2,421.59
18044.0,44,8,1537.5
18045.0,1,1,178.34
18048.0,159,2,172.29000000000002
18050.0,315,1,74.4
18053.0,27,1,300.02
18055.0,40,8,4905.87
18056.0,244,1,363.65
18059.0,24,1,124.08
18061.0,22,9,2027.01
18062.0,129,3,720.52
18064.0,89,2,814.0
18065.0,43,11,1949.19
18066.0,31,1,318.0
18068.0,245,1,101.7
18069.0,44,4,1761.17
18071.0,214,2,453.0
18072.0,142,1,247.44
18073.0,70,12,3859.82
18074.0,330,1,489.6
18075.0,16,9,2257.77
18077.0,8,8,1835.06
18078.0,173,2,336.13
18079.0,1,4,3613.15
18080.0,199,1,841.4999999999999
18081.0,69,2,208.05
18085.0,286,2,689.95
18086.0,230,1,101.34
18087.0,54,2,4055.7200000000003
18088.0,17,1,166.03
18092.0,43,9,7155.52
18093.0,49,4,2106.52
18094.0,38,7,3017.3
18095.0,268,2,580.05
18096.0,13,2,573.92
18097.0,83,5,1986.2
18099.0,83,1,168.31
18101.0,99,1,110.23
18102.0,6,51,232840.68
18106.0,286,1,421.9
18108.0,210,1,271.0
18109.0,3,21,5850.47
18112.0,122,1,196.64
18113.0,325,1,76.32000000000001
18114.0,246,1,220.1
18116.0,24,8,1403.1100000000001
18118.0,1,23,4969.35
18119.0,324,1,180.7
18120.0,170,1,111.15
18121.0,105,2,653.3000000000001
18122.0,10,3,764.01
18125.0,158,3,933.9
18126.0,17,1,200.92
18127.0,90,1,139.6
18129.0,199,1,112.55000000000001
18130.0,13,1,313.86
18133.0,168,1,931.5
18135.0,36,2,233.47
18136.0,19,3,784.33
18138.0,251,1,152.65
18142.0,113,2,1019.52
18143.0,73,2,1000.16
18144.0,34,10,2341.75
18145.0,44,3,2103.25
18146.0,97,2,160.35
18147.0,2,2,179.34
18149.0,7,3,612.0799999999999
18150.0,96,2,413.28
18151.0,91,2,653.35
18155.0,31,3,371.62
18156.0,326,1,186.88
18158.0,45,1,343.8
18159.0,257,1,530.15
18160.0,13,2,638.0600000000001
18161.0,21,4,1156.69
18165.0,133,1,302.46
18167.0,62,1,498.48
18168.0,132,6,1160.04
18169.0,17,1,202.65
18170.0,68,2,655.51
18171.0,15,5,1231.31
18172.0,34,14,6373.44
18173.0,43,4,2106.84
18176.0,314,1,476.35
18177.0,114,5,1037.27
18178.0,85,4,1590.81
18179.0,9,5,1572.59
18180.0,16,5,1533.02
18183.0,183,2,632.07
18185.0,205,1,304.25
18188.0,33,2,1608.28
18189.0,33,2,1090.24
18190.0,148,2,284.46000000000004
18191.0,218,1,207.8
18192.0,28,1,957.97
18193.0,121,1,243.76
18194.0,38,1,973.84
18196.0,51,2,686.63
18198.0,27,15,4804.030000000001
18200.0,62,1,150.35
18202.0,156,3,1396.99
18203.0,113,1,160.42000000000002
18204.0,27,3,1975.3500000000001
18205.0,31,1,225.76
18210.0,7,2,1400.77
18211.0,42,3,420.2
18212.0,282,1,216.07
18213.0,193,1,232.48000000000002
18215.0,45,1,299.34000000000003
18217.0,27,1,317.9
18218.0,167,2,641.92
18219.0,105,8,1367.13
18220.0,183,1,305.28
18221.0,20,4,878.66
18222.0,49,1,443.0
18223.0,21,12,4516.77
18224.0,220,1,158.95000000000002
18225.0,40,8,3918.96
18226.0,38,10,4735.55
18227.0,174,1,93.75
18228.0,13,2,779.9
18229.0,14,17,6176.6
18230.0,50,5,2146.36
18231.0,148,5,2071.77
18232.0,38,4,592.97
18233.0,282,1,440.0
18235.0,28,3,1796.48
18236.0,36,5,773.74
18237.0,21,4,861.35
18239.0,175,5,1561.6100000000001
18240.0,2,1,422.58
18241.0,6,16,1955.55
18242.0,28,4,2232.4900000000002
18245.0,105,6,1672.81
18246.0,189,1,232.9
18248.0,79,2,804.02
18250.0,266,1,349.27
18251.0,43,1,4314.72
18252.0,6,2,518.27
18255.0,45,1,103.30000000000001
18257.0,23,7,2095.25
18259.0,41,2,1268.2
18260.0,129,6,2628.35
18261.0,52,1,224.8
18262.0,96,1,149.48
18263.0,112,2,811.4
18265.0,28,2,801.51
18268.0,90,1,25.5
18269.0,322,1,168.60000000000002
18270.0,222,1,111.95
18272.0,2,5,2710.7000000000003
18273.0,52,2,153.0
18277.0,14,1,110.38
18278.0,30,1,173.9
18280.0,234,1,180.60000000000002
18281.0,137,1,80.82
18282.0,82,1,100.21000000000001
18283.0,52,10,1086.83
18287.0,15,2,1766.6
